"Station_No","Key","Value","AJTextEn","AJTextZh","Exit_Coordinate_X_Y"
"117","AJ1","N","","",""
"117","AJ2","Y","Exit B2","B2 出口",""
"117","AJ3","Y","Exit A","A 出口",""
"117","AJ4","N","","",""
"117","AJ5","N","","",""
"117","AJ6","N","","",""
"117","AJ7","N","","",""
"117","AJ8","Y","","",""
"117","AJ9","N","","",""
"117","HIn1","Y","","",""
"117","HJ1","Y","","",""
"117","HJ2","Y","","",""
"117","HJ3","N","","",""
"117","HJ4","Y","","",""
"117","HJ5","N","","",""
"117","HJ6","N","","",""
"117","HJ7","Y","","",""
"117","HJ8","N","","",""
"117","MJ1","Y","","",""
"117","MJ2","Y","","",""
"117","MJ3","Y","","",""
"117","MJ4","N","","",""
"117","MJ5","Y","","",""
"117","MJ6","N","","",""
"117","MJ7","N","","",""
"117","MJ8","N","","",""
"117","VIn1","Y","","",""
"117","VIn2","Y","","",""
"117","VJ1","Y","","",""
"117","VJ2","Y","","",""
"117","VJ3","N","","",""
"117","VJ4","Y","","",""
"117","VJ5","Y","","",""
"117","VJ6","Y","","",""
"117","VJ7","Y","","",""
"117","VJ8","Y","","",""
"37","AJ1","N","","",""
"37","AJ2","N","","",""
"37","AJ3","N","","",""
"37","AJ4","Y","Exits A & D","A 和 D 出口",""
"37","AJ5","N","","",""
"37","AJ6","N","","",""
"37","AJ7","N","","",""
"37","AJ8","Y","","",""
"37","AJ9","N","","",""
"37","HIn1","Y","","",""
"37","HJ1","Y","","",""
"37","HJ2","Y","","",""
"37","HJ3","Y","","",""
"37","HJ4","N","","",""
"37","HJ5","Y","","",""
"37","HJ6","N","","",""
"37","HJ7","N","","",""
"37","HJ8","N","","",""
"37","MJ1","Y","","",""
"37","MJ2","Y","","",""
"37","MJ3","Y","","",""
"37","MJ4","N","","",""
"37","MJ5","N","","",""
"37","MJ6","Y","","",""
"37","MJ7","N","","",""
"37","MJ8","N","","",""
"37","VIn1","Y","","",""
"37","VIn2","Y","","",""
"37","VJ1","Y","","",""
"37","VJ2","Y","","",""
"37","VJ3","N","","",""
"37","VJ4","Y","","",""
"37","VJ5","Y","","",""
"37","VJ6","Y","","",""
"37","VJ7","Y","","",""
"37","VJ8","Y","","",""
"114","AJ1","N","","",""
"114","AJ2","N","","",""
"114","AJ3","Y","Exit D","D 出口",""
"114","AJ4","N","","",""
"114","AJ5","N","","",""
"114","AJ6","N","","",""
"114","AJ7","N","","",""
"114","AJ8","Y","","",""
"114","AJ9","N","","",""
"114","HIn1","Y","","",""
"114","HJ1","Y","","",""
"114","HJ2","Y","","",""
"114","HJ3","N","","",""
"114","HJ4","Y","","",""
"114","HJ5","N","","",""
"114","HJ6","N","","",""
"114","HJ7","Y","","",""
"114","HJ8","N","","",""
"114","MJ1","Y","","",""
"114","MJ2","Y","","",""
"114","MJ3","Y","","",""
"114","MJ4","N","","",""
"114","MJ5","Y","","",""
"114","MJ6","N","","",""
"114","MJ7","N","","",""
"114","MJ8","N","","",""
"114","VIn1","Y","","",""
"114","VIn2","Y","","",""
"114","VJ1","Y","","",""
"114","VJ2","Y","","",""
"114","VJ3","N","","",""
"114","VJ4","Y","","",""
"114","VJ5","Y","","",""
"114","VJ6","Y","","",""
"114","VJ7","Y","","",""
"114","VJ8","Y","","",""
"74","AJ1","Y","Exit B","B 出口",""
"74","AJ2","Y","Exit C","C 出口",""
"74","AJ3","N","","",""
"74","AJ4","N","","",""
"74","AJ5","N","","",""
"74","AJ6","N","","",""
"74","AJ7","Y","Exit A","A 出口",""
"74","AJ8","Y","","",""
"74","AJ9","N","","",""
"74","HIn1","Y","","",""
"74","HJ1","Y","","",""
"74","HJ2","Y","","",""
"74","HJ3","N","","",""
"74","HJ4","Y","","",""
"74","HJ5","N","","",""
"74","HJ6","N","","",""
"74","HJ7","Y","","",""
"74","HJ8","N","","",""
"74","MJ1","Y","","",""
"74","MJ2","Y","","",""
"74","MJ3","Y","","",""
"74","MJ4","N","","",""
"74","MJ5","Y","","",""
"74","MJ6","N","","",""
"74","MJ7","N","","",""
"74","MJ8","N","","",""
"74","VIn1","Y","","",""
"74","VIn2","Y","","",""
"74","VJ1","Y","","",""
"74","VJ2","Y","","",""
"74","VJ3","Y","","",""
"74","VJ4","Y","","",""
"74","VJ5","Y","","",""
"74","VJ6","Y","","",""
"74","VJ7","Y","","",""
"74","VJ8","Y","","",""
"34","AJ1","N","","",""
"34","AJ2","N","","",""
"34","AJ3","Y","Exit B","B 出口",""
"34","AJ4","N","","",""
"34","AJ5","N","","",""
"34","AJ6","N","","",""
"34","AJ7","N","","",""
"34","AJ8","Y","","",""
"34","AJ9","N","","",""
"34","HIn1","Y","","",""
"34","HJ1","Y","","",""
"34","HJ2","Y","","",""
"34","HJ3","Y","","",""
"34","HJ4","N","","",""
"34","HJ5","Y","","",""
"34","HJ6","N","","",""
"34","HJ7","N","","",""
"34","HJ8","N","","",""
"34","MJ1","Y","","",""
"34","MJ2","Y","","",""
"34","MJ3","Y","","",""
"34","MJ4","N","","",""
"34","MJ5","N","","",""
"34","MJ6","Y","","",""
"34","MJ7","N","","",""
"34","MJ8","N","","",""
"34","VIn1","Y","","",""
"34","VIn2","Y","","",""
"34","VJ1","Y","","",""
"34","VJ2","Y","","",""
"34","VJ3","N","","",""
"34","VJ4","Y","","",""
"34","VJ5","Y","","",""
"34","VJ6","Y","","",""
"34","VJ7","Y","","",""
"34","VJ8","Y","","",""
"111","AJ1","N","","",""
"111","AJ2","Y","Exit A","A 出口",""
"111","AJ3","Y","Exits B, D & F","B、D 和 F 出口",""
"111","AJ4","N","","",""
"111","AJ5","N","","",""
"111","AJ6","N","","",""
"111","AJ7","N","","",""
"111","AJ8","Y","","",""
"111","AJ9","N","","",""
"111","HIn1","Y","","",""
"111","HJ1","Y","","",""
"111","HJ2","Y","","",""
"111","HJ3","N","","",""
"111","HJ4","Y","","",""
"111","HJ5","N","","",""
"111","HJ6","N","","",""
"111","HJ7","Y","","",""
"111","HJ8","N","","",""
"111","MJ1","Y","","",""
"111","MJ2","Y","","",""
"111","MJ3","Y","","",""
"111","MJ4","N","","",""
"111","MJ5","Y","","",""
"111","MJ6","N","","",""
"111","MJ7","N","","",""
"111","MJ8","N","","",""
"111","VIn1","Y","","",""
"111","VIn2","Y","","",""
"111","VJ1","Y","","",""
"111","VJ2","Y","","",""
"111","VJ3","N","","",""
"111","VJ4","Y","","",""
"111","VJ5","Y","","",""
"111","VJ6","Y","","",""
"111","VJ7","Y","","",""
"111","VJ8","Y","","",""
"71","AJ1","Y","Exit A","A 出口",""
"71","AJ2","Y","Exits B & D","B 和 D 出口",""
"71","AJ3","Y","Exit C","C 出口",""
"71","AJ4","N","","",""
"71","AJ5","N","","",""
"71","AJ6","N","","",""
"71","AJ7","N","","",""
"71","AJ8","Y","","",""
"71","AJ9","N","","",""
"71","HIn1","Y","","",""
"71","HJ1","Y","","",""
"71","HJ2","Y","","",""
"71","HJ3","N","","",""
"71","HJ4","Y","","",""
"71","HJ5","N","","",""
"71","HJ6","N","","",""
"71","HJ7","Y","","",""
"71","HJ8","N","","",""
"71","MJ1","Y","","",""
"71","MJ2","Y","","",""
"71","MJ3","Y","","",""
"71","MJ4","N","","",""
"71","MJ5","Y","","",""
"71","MJ6","N","","",""
"71","MJ7","N","","",""
"71","MJ8","N","","",""
"71","VIn1","Y","","",""
"71","VIn2","Y","","",""
"71","VJ1","Y","","",""
"71","VJ2","Y","","",""
"71","VJ3","Y","","",""
"71","VJ4","Y","","",""
"71","VJ5","Y","","",""
"71","VJ6","Y","","",""
"71","VJ7","Y","","",""
"71","VJ8","Y","","",""
"31","AJ1","N","","",""
"31","AJ2","N","","",""
"31","AJ3","Y","Exit B1","B1 出口",""
"31","AJ4","N","","",""
"31","AJ5","N","","",""
"31","AJ6","N","","",""
"31","AJ7","N","","",""
"31","AJ8","Y","","",""
"31","AJ9","N","","",""
"31","HIn1","Y","","",""
"31","HJ1","Y","","",""
"31","HJ2","Y","","",""
"31","HJ3","Y","","",""
"31","HJ4","N","","",""
"31","HJ5","Y","","",""
"31","HJ6","N","","",""
"31","HJ7","N","","",""
"31","HJ8","N","","",""
"31","MJ1","Y","","",""
"31","MJ2","Y","","",""
"31","MJ3","Y","","",""
"31","MJ4","N","","",""
"31","MJ5","Y","","",""
"31","MJ6","N","","",""
"31","MJ7","N","","",""
"31","MJ8","N","","",""
"31","VIn1","Y","","",""
"31","VIn2","Y","","",""
"31","VJ1","Y","","",""
"31","VJ2","Y","","",""
"31","VJ3","N","","",""
"31","VJ4","Y","","",""
"31","VJ5","Y","","",""
"31","VJ6","Y","","",""
"31","VJ7","Y","","",""
"31","VJ8","Y","","",""
"68","AJ1","Y","Exits A & B","A 和 B 出口",""
"68","AJ2","Y","Exit B","B 出口",""
"68","AJ3","N","","",""
"68","AJ4","N","","",""
"68","AJ5","N","","",""
"68","AJ6","N","","",""
"68","AJ7","N","","",""
"68","AJ8","Y","","",""
"68","AJ9","N","","",""
"68","HIn1","Y","","",""
"68","HJ1","Y","","",""
"68","HJ2","Y","","",""
"68","HJ3","N","","",""
"68","HJ4","Y","","",""
"68","HJ5","N","","",""
"68","HJ6","N","","",""
"68","HJ7","Y","","",""
"68","HJ8","N","","",""
"68","MJ1","Y","","",""
"68","MJ2","Y","","",""
"68","MJ3","Y","","",""
"68","MJ4","N","","",""
"68","MJ5","Y","","",""
"68","MJ6","N","","",""
"68","MJ7","N","","",""
"68","MJ8","N","","",""
"68","VIn1","Y","","",""
"68","VIn2","Y","","",""
"68","VJ1","Y","","",""
"68","VJ2","Y","","",""
"68","VJ3","Y","","",""
"68","VJ4","Y","","",""
"68","VJ5","Y","","",""
"68","VJ6","Y","","",""
"68","VJ7","Y","","",""
"68","VJ8","Y","","",""
"28","AJ1","N","","",""
"28","AJ2","N","","",""
"28","AJ3","Y","Exit D1","D1 出口",""
"28","AJ4","N","","",""
"28","AJ5","N","","",""
"28","AJ6","N","","",""
"28","AJ7","N","","",""
"28","AJ8","Y","","",""
"28","AJ9","N","","",""
"28","HIn1","Y","","",""
"28","HJ1","Y","","",""
"28","HJ2","Y","","",""
"28","HJ3","Y","","",""
"28","HJ4","N","","",""
"28","HJ5","Y","","",""
"28","HJ6","N","","",""
"28","HJ7","N","","",""
"28","HJ8","N","","",""
"28","MJ1","Y","","",""
"28","MJ2","Y","","",""
"28","MJ3","Y","","",""
"28","MJ4","N","","",""
"28","MJ5","N","","",""
"28","MJ6","Y","","",""
"28","MJ7","N","","",""
"28","MJ8","N","","",""
"28","VIn1","Y","","",""
"28","VIn2","Y","","",""
"28","VJ1","Y","","",""
"28","VJ2","Y","","",""
"28","VJ3","N","","",""
"28","VJ4","Y","","",""
"28","VJ5","Y","","",""
"28","VJ6","Y","","",""
"28","VJ7","Y","","",""
"28","VJ8","Y","","",""
"65","AJ1","Y","Exits B, C & D","B, C 和 D 出口",""
"65","AJ2","N","","",""
"65","AJ3","N","","",""
"65","AJ4","N","","",""
"65","AJ5","N","","",""
"65","AJ6","N","","",""
"65","AJ7","N","","",""
"65","AJ8","Y","","",""
"65","AJ9","N","","",""
"65","HIn1","Y","","",""
"65","HJ1","Y","","",""
"65","HJ2","Y","","",""
"65","HJ3","N","","",""
"65","HJ4","Y","","",""
"65","HJ5","N","","",""
"65","HJ6","N","","",""
"65","HJ7","Y","","",""
"65","HJ8","N","","",""
"65","MJ1","Y","","",""
"65","MJ2","Y","","",""
"65","MJ3","Y","","",""
"65","MJ4","N","","",""
"65","MJ5","Y","","",""
"65","MJ6","N","","",""
"65","MJ7","N","","",""
"65","MJ8","N","","",""
"65","VIn1","Y","","",""
"65","VIn2","Y","","",""
"65","VJ1","Y","","",""
"65","VJ2","Y","","",""
"65","VJ3","Y","","",""
"65","VJ4","Y","","",""
"65","VJ5","Y","","",""
"65","VJ6","Y","","",""
"65","VJ7","Y","","",""
"65","VJ8","Y","","",""
"25","AJ1","Y","Exits A & D","A 和 D 出口",""
"25","AJ2","N","","",""
"25","AJ3","N","","",""
"25","AJ4","Y","Exits A & C","A 和 C 出口",""
"25","AJ5","N","","",""
"25","AJ6","N","","",""
"25","AJ7","N","","",""
"25","AJ8","Y","","",""
"25","AJ9","N","","",""
"25","HIn1","Y","","",""
"25","HJ1","Y","","",""
"25","HJ2","Y","","",""
"25","HJ3","Y","","",""
"25","HJ4","N","","",""
"25","HJ5","Y","","",""
"25","HJ6","N","","",""
"25","HJ7","N","","",""
"25","HJ8","N","","",""
"25","MJ1","Y","","",""
"25","MJ2","Y","","",""
"25","MJ3","Y","","",""
"25","MJ4","N","","",""
"25","MJ5","N","","",""
"25","MJ6","Y","","",""
"25","MJ7","N","","",""
"25","MJ8","N","","",""
"25","VIn1","Y","","",""
"25","VIn2","Y","","",""
"25","VJ1","Y","","",""
"25","VJ2","Y","","",""
"25","VJ3","N","","",""
"25","VJ4","Y","","",""
"25","VJ5","Y","","",""
"25","VJ6","Y","","",""
"25","VJ7","Y","","",""
"25","VJ8","Y","","",""
"102","AJ1","Y","Exits A & B","A 和 B 出口",""
"102","AJ2","N","","",""
"102","AJ3","N","","",""
"102","AJ4","N","","",""
"102","AJ5","N","","",""
"102","AJ6","N","","",""
"102","AJ7","N","","",""
"102","AJ8","Y","","",""
"102","AJ9","N","","",""
"102","HIn1","Y","","",""
"102","HJ1","Y","","",""
"102","HJ2","Y","","",""
"102","HJ3","N","","",""
"102","HJ4","Y","","",""
"102","HJ5","N","","",""
"102","HJ6","N","","",""
"102","HJ7","Y","","",""
"102","HJ8","N","","",""
"102","MJ1","Y","","",""
"102","MJ2","Y","","",""
"102","MJ3","Y","","",""
"102","MJ4","N","","",""
"102","MJ5","Y","","",""
"102","MJ6","N","","",""
"102","MJ7","N","","",""
"102","MJ8","N","","",""
"102","VIn1","Y","","",""
"102","VIn2","Y","","",""
"102","VJ1","Y","","",""
"102","VJ2","Y","","",""
"102","VJ3","Y","","",""
"102","VJ4","Y","","",""
"102","VJ5","Y","","",""
"102","VJ6","Y","","",""
"102","VJ7","Y","","",""
"102","VJ8","Y","","",""
"22","AJ1","N","","",""
"22","AJ2","Y","Exits C & D","C 和 D 出口",""
"22","AJ3","N","","",""
"22","AJ4","N","","",""
"22","AJ5","N","","",""
"22","AJ6","N","","",""
"22","AJ7","N","","",""
"22","AJ8","Y","","",""
"22","AJ9","N","","",""
"22","HIn1","Y","","",""
"22","HJ1","Y","","",""
"22","HJ2","Y","","",""
"22","HJ3","Y","","",""
"22","HJ4","N","","",""
"22","HJ5","Y","","",""
"22","HJ6","N","","",""
"22","HJ7","N","","",""
"22","HJ8","N","","",""
"22","MJ1","Y","","",""
"22","MJ2","Y","","",""
"22","MJ3","Y","","",""
"22","MJ4","N","","",""
"22","MJ5","N","","",""
"22","MJ6","Y","","",""
"22","MJ7","N","","",""
"22","MJ8","N","","",""
"22","VIn1","Y","","",""
"22","VIn2","Y","","",""
"22","VJ1","Y","","",""
"22","VJ2","Y","","",""
"22","VJ3","N","","",""
"22","VJ4","Y","","",""
"22","VJ5","Y","","",""
"22","VJ6","Y","","",""
"22","VJ7","Y","","",""
"22","VJ8","Y","","",""
"99","AJ1","N","","",""
"99","AJ2","Y","Exits B, C & D","B、C  和 D 出口",""
"99","AJ3","N","","",""
"99","AJ4","N","","",""
"99","AJ5","N","","",""
"99","AJ6","N","","",""
"99","AJ7","N","","",""
"99","AJ8","Y","","",""
"99","AJ9","N","","",""
"99","HIn1","Y","","",""
"99","HJ1","Y","","",""
"99","HJ2","Y","","",""
"99","HJ3","N","","",""
"99","HJ4","Y","","",""
"99","HJ5","Y","","",""
"99","HJ6","N","","",""
"99","HJ7","Y","","",""
"99","HJ8","N","","",""
"99","MJ1","Y","","",""
"99","MJ2","Y","","",""
"99","MJ3","Y","","",""
"99","MJ4","N","","",""
"99","MJ5","Y","","",""
"99","MJ6","N","","",""
"99","MJ7","N","","",""
"99","MJ8","N","","",""
"99","VIn1","Y","","",""
"99","VIn2","Y","","",""
"99","VJ1","Y","","",""
"99","VJ2","Y","","",""
"99","VJ3","Y","","",""
"99","VJ4","Y","","",""
"99","VJ5","Y","","",""
"99","VJ6","Y","","",""
"99","VJ7","Y","","",""
"99","VJ8","Y","","",""
"19","AJ1","N","","",""
"19","AJ2","N","","",""
"19","AJ3","Y","Exit B2","B2 出口",""
"19","AJ4","Y","Exit D3","D3 出口",""
"19","AJ5","Y","Exits D1 & D4","D1 和 D4  出口",""
"19","AJ6","N","","",""
"19","AJ7","N","","",""
"19","AJ8","Y","","",""
"19","AJ9","N","","",""
"19","HIn1","Y","","",""
"19","HJ1","Y","","",""
"19","HJ2","Y","","",""
"19","HJ3","Y","","",""
"19","HJ4","N","","",""
"19","HJ5","Y","","",""
"19","HJ6","N","","",""
"19","HJ7","N","","",""
"19","HJ8","N","","",""
"19","MJ1","Y","","",""
"19","MJ2","Y","","",""
"19","MJ3","Y","","",""
"19","MJ4","N","","",""
"19","MJ5","N","","",""
"19","MJ6","Y","","",""
"19","MJ7","N","","",""
"19","MJ8","N","","",""
"19","VIn1","Y","","",""
"19","VIn2","Y","","",""
"19","VJ1","Y","","",""
"19","VJ2","Y","","",""
"19","VJ3","N","","",""
"19","VJ4","Y","","",""
"19","VJ5","Y","","",""
"19","VJ6","Y","","",""
"19","VJ7","Y","","",""
"19","VJ8","Y","","",""
"96","AJ1","N","","",""
"96","AJ2","Y","Exits B, C & D","B、 C 和 D 出口",""
"96","AJ3","Y","Exit F","F 出口",""
"96","AJ4","N","","",""
"96","AJ5","N","","",""
"96","AJ6","N","","",""
"96","AJ7","N","","",""
"96","AJ8","Y","","",""
"96","AJ9","N","","",""
"96","HIn1","Y","","",""
"96","HJ1","Y","","",""
"96","HJ2","Y","","",""
"96","HJ3","N","","",""
"96","HJ4","Y","","",""
"96","HJ5","N","","",""
"96","HJ6","N","","",""
"96","HJ7","Y","","",""
"96","HJ8","N","","",""
"96","MJ1","Y","","",""
"96","MJ2","Y","","",""
"96","MJ3","Y","","",""
"96","MJ4","N","","",""
"96","MJ5","Y","","",""
"96","MJ6","N","","",""
"96","MJ7","N","","",""
"96","MJ8","N","","",""
"96","VIn1","Y","","",""
"96","VIn2","Y","","",""
"96","VJ1","Y","","",""
"96","VJ2","Y","","",""
"96","VJ3","Y","","",""
"96","VJ4","Y","","",""
"96","VJ5","Y","","",""
"96","VJ6","Y","","",""
"96","VJ7","Y","","",""
"96","VJ8","Y","","",""
"16","AJ1","N","","",""
"16","AJ2","N","","",""
"16","AJ3","Y","Exit E","E 出口",""
"16","AJ4","N","","",""
"16","AJ5","Y","Exit B1","B1 出口",""
"16","AJ6","N","","",""
"16","AJ7","N","","",""
"16","AJ8","Y","","",""
"16","AJ9","N","","",""
"16","HIn1","Y","","",""
"16","HJ1","Y","","",""
"16","HJ2","Y","","",""
"16","HJ3","Y","","",""
"16","HJ4","N","","",""
"16","HJ5","Y","","",""
"16","HJ6","N","","",""
"16","HJ7","N","","",""
"16","HJ8","N","","",""
"16","MJ1","Y","","",""
"16","MJ2","Y","","",""
"16","MJ3","Y","","",""
"16","MJ4","N","","",""
"16","MJ5","Y","","",""
"16","MJ6","N","","",""
"16","MJ7","N","","",""
"16","MJ8","N","","",""
"16","VIn1","Y","","",""
"16","VIn2","Y","","",""
"16","VJ1","Y","","",""
"16","VJ2","Y","","",""
"16","VJ3","N","","",""
"16","VJ4","Y","","",""
"16","VJ5","Y","","",""
"16","VJ6","Y","","",""
"16","VJ7","Y","","",""
"16","VJ8","Y","","",""
"53","AJ1","N","","",""
"53","AJ2","N","","",""
"53","AJ3","Y","Exits A & B","A 和 B 出口",""
"53","AJ4","N","","",""
"53","AJ5","N","","",""
"53","AJ6","N","","",""
"53","AJ7","N","","",""
"53","AJ8","Y","","",""
"53","AJ9","N","","",""
"53","HIn1","Y","","",""
"53","HJ1","Y","","",""
"53","HJ2","Y","","",""
"53","HJ3","Y","","",""
"53","HJ4","Y","","",""
"53","HJ5","N","","",""
"53","HJ6","N","","",""
"53","HJ7","Y","","",""
"53","HJ8","N","","",""
"53","MJ1","Y","","",""
"53","MJ2","Y","","",""
"53","MJ3","Y","","",""
"53","MJ4","N","","",""
"53","MJ5","Y","","",""
"53","MJ6","N","","",""
"53","MJ7","N","","",""
"53","MJ8","N","","",""
"53","VIn1","Y","","",""
"53","VIn2","Y","","",""
"53","VJ1","Y","","",""
"53","VJ2","Y","","",""
"53","VJ3","N","","",""
"53","VJ4","Y","","",""
"53","VJ5","Y","","",""
"53","VJ6","Y","","",""
"53","VJ7","Y","","",""
"53","VJ8","Y","","",""
"13","AJ1","Y","Exit B","B 出口",""
"13","AJ2","N","","",""
"13","AJ3","Y","Exit C","C 出口",""
"13","AJ4","Y","Exit A","A 出口",""
"13","AJ5","N","","",""
"13","AJ6","N","","",""
"13","AJ7","Y","Exit A","A 出口",""
"13","AJ8","Y","","",""
"13","AJ9","N","","",""
"13","HIn1","Y","","",""
"13","HJ1","Y","","",""
"13","HJ2","Y","","",""
"13","HJ3","Y","","",""
"13","HJ4","N","","",""
"13","HJ5","Y","","",""
"13","HJ6","N","","",""
"13","HJ7","N","","",""
"13","HJ8","N","","",""
"13","MJ1","Y","","",""
"13","MJ2","Y","","",""
"13","MJ3","Y","","",""
"13","MJ4","N","","",""
"13","MJ5","N","","",""
"13","MJ6","Y","","",""
"13","MJ7","N","","",""
"13","MJ8","N","","",""
"13","VIn1","Y","","",""
"13","VIn2","Y","","",""
"13","VJ1","Y","","",""
"13","VJ2","Y","","",""
"13","VJ3","N","","",""
"13","VJ4","Y","","",""
"13","VJ5","Y","","",""
"13","VJ6","Y","","",""
"13","VJ7","Y","","",""
"13","VJ8","Y","","",""
"50","AJ1","Y","Exits A1, B & C","A1、B 和 C 出口",""
"50","AJ2","N","","",""
"50","AJ3","N","","",""
"50","AJ4","N","","",""
"50","AJ5","N","","",""
"50","AJ6","N","","",""
"50","AJ7","N","","",""
"50","AJ8","Y","","",""
"50","AJ9","N","","",""
"50","HIn1","Y","","",""
"50","HJ1","Y","","",""
"50","HJ2","Y","","",""
"50","HJ3","Y","","",""
"50","HJ4","N","","",""
"50","HJ5","Y","","",""
"50","HJ6","N","","",""
"50","HJ7","N","","",""
"50","HJ8","N","","",""
"50","MJ1","Y","","",""
"50","MJ2","Y","","",""
"50","MJ3","Y","","",""
"50","MJ4","N","","",""
"50","MJ5","N","","",""
"50","MJ6","Y","","",""
"50","MJ7","N","","",""
"50","MJ8","N","","",""
"50","VIn1","Y","","",""
"50","VIn2","Y","","",""
"50","VJ1","Y","","",""
"50","VJ2","Y","","",""
"50","VJ3","N","","",""
"50","VJ4","Y","","",""
"50","VJ5","Y","","",""
"50","VJ6","Y","","",""
"50","VJ7","Y","","",""
"50","VJ8","Y","","",""
"10","AJ1","N","","",""
"10","AJ2","N","","",""
"10","AJ3","Y","Exit D1","D1 出口",""
"10","AJ4","N","","",""
"10","AJ5","Y","Exit C1","C1 出口",""
"10","AJ6","N","","",""
"10","AJ7","N","","",""
"10","AJ8","Y","","",""
"10","AJ9","N","","",""
"10","HIn1","Y","","",""
"10","HJ1","Y","","",""
"10","HJ2","Y","","",""
"10","HJ3","Y","","",""
"10","HJ4","N","","",""
"10","HJ5","Y","","",""
"10","HJ6","N","","",""
"10","HJ7","N","","",""
"10","HJ8","N","","",""
"10","MJ1","Y","","",""
"10","MJ2","Y","","",""
"10","MJ3","Y","","",""
"10","MJ4","N","","",""
"10","MJ5","N","","",""
"10","MJ6","Y","","",""
"10","MJ7","N","","",""
"10","MJ8","N","","",""
"10","VIn1","Y","","",""
"10","VIn2","Y","","",""
"10","VJ1","Y","","",""
"10","VJ2","Y","","",""
"10","VJ3","N","","",""
"10","VJ4","Y","","",""
"10","VJ5","Y","","",""
"10","VJ6","Y","","",""
"10","VJ7","Y","","",""
"10","VJ8","Y","","",""
"47","AJ1","N","","",""
"47","AJ2","Y","Arrivals Hall leads direct to platform using side walkways","經接機大堂兩側通道直接進入月台",""
"47","AJ3","N","","",""
"47","AJ4","N","","",""
"47","AJ5","N","","",""
"47","AJ6","N","","",""
"47","AJ7","N","","",""
"47","AJ8","N","","",""
"47","AJ9","N","","",""
"47","HIn1","Y","","",""
"47","HJ1","Y","","",""
"47","HJ2","Y","","",""
"47","HJ3","N","","",""
"47","HJ4","Y","","",""
"47","HJ5","N","","",""
"47","HJ6","Y","","",""
"47","HJ7","N","","",""
"47","HJ8","N","","",""
"47","MJ1","N","","",""
"47","MJ2","Y","","",""
"47","MJ3","Y","","",""
"47","MJ4","N","","",""
"47","MJ5","N","","",""
"47","MJ6","N","","",""
"47","MJ7","N","","",""
"47","MJ8","N","","",""
"47","VIn1","Y","","",""
"47","VIn2","Y","","",""
"47","VJ1","Y","","",""
"47","VJ2","N","","",""
"47","VJ3","N","","",""
"47","VJ4","N","","",""
"47","VJ5","Y","","",""
"47","VJ6","Y","","",""
"47","VJ7","Y","","",""
"47","VJ8","Y","","",""
"7","AJ1","N","","",""
"7","AJ2","Y","Exit C","C 出口",""
"7","AJ3","Y","Exit B","B 出口",""
"7","AJ4","N","","",""
"7","AJ5","Y","Exit C","C 出口",""
"7","AJ6","N","","",""
"7","AJ7","N","","",""
"7","AJ8","Y","","",""
"7","AJ9","N","","",""
"7","HIn1","Y","","",""
"7","HJ1","Y","","",""
"7","HJ2","Y","","",""
"7","HJ3","Y","","",""
"7","HJ4","N","","",""
"7","HJ5","Y","","",""
"7","HJ6","N","","",""
"7","HJ7","N","","",""
"7","HJ8","N","","",""
"7","MJ1","Y","","",""
"7","MJ2","Y","","",""
"7","MJ3","Y","","",""
"7","MJ4","N","","",""
"7","MJ5","N","","",""
"7","MJ6","Y","","",""
"7","MJ7","N","","",""
"7","MJ8","N","","",""
"7","VIn1","Y","","",""
"7","VIn2","Y","","",""
"7","VJ1","Y","","",""
"7","VJ2","Y","","",""
"7","VJ3","N","","",""
"7","VJ4","Y","","",""
"7","VJ5","Y","","",""
"7","VJ6","Y","","",""
"7","VJ7","Y","","",""
"7","VJ8","Y","","",""
"4","AJ1","N","","",""
"4","AJ2","N","","",""
"4","AJ3","Y","Exit B1","B1 出口",""
"4","AJ4","N","","",""
"4","AJ5","N","","",""
"4","AJ6","N","","",""
"4","AJ7","N","","",""
"4","AJ8","Y","","",""
"4","AJ9","N","","",""
"4","HIn1","Y","","",""
"4","HJ1","Y","","",""
"4","HJ2","Y","","",""
"4","HJ3","Y","","",""
"4","HJ4","N","","",""
"4","HJ5","Y","","",""
"4","HJ6","N","","",""
"4","HJ7","N","","",""
"4","HJ8","N","","",""
"4","MJ1","Y","","",""
"4","MJ2","Y","","",""
"4","MJ3","Y","","",""
"4","MJ4","N","","",""
"4","MJ5","N","","",""
"4","MJ6","Y","","",""
"4","MJ7","N","","",""
"4","MJ8","N","","",""
"4","VIn1","Y","","",""
"4","VIn2","Y","","",""
"4","VJ1","Y","","",""
"4","VJ2","Y","","",""
"4","VJ3","N","","",""
"4","VJ4","Y","","",""
"4","VJ5","Y","","",""
"4","VJ6","Y","","",""
"4","VJ7","Y","","",""
"4","VJ8","Y","","",""
"41","AJ1","N","","",""
"41","AJ2","N","","",""
"41","AJ3","Y","Exit C","C 出口",""
"41","AJ4","Y","Exit D","D 出口",""
"41","AJ5","N","","",""
"41","AJ6","N","","",""
"41","AJ7","N","","",""
"41","AJ8","Y","","",""
"41","AJ9","N","","",""
"41","HIn1","Y","","",""
"41","HJ1","Y","","",""
"41","HJ2","Y","","",""
"41","HJ3","Y","","",""
"41","HJ4","N","","",""
"41","HJ5","N","","",""
"41","HJ6","Y","","",""
"41","HJ7","N","","",""
"41","HJ8","N","","",""
"41","MJ1","Y","","",""
"41","MJ2","Y","","",""
"41","MJ3","Y","","",""
"41","MJ4","N","","",""
"41","MJ5","N","","",""
"41","MJ6","Y","","",""
"41","MJ7","N","","",""
"41","MJ8","N","","",""
"41","VIn1","Y","","",""
"41","VIn2","Y","","",""
"41","VJ1","Y","","",""
"41","VJ2","Y","","",""
"41","VJ3","N","","",""
"41","VJ4","Y","","",""
"41","VJ5","Y","","",""
"41","VJ6","Y","","",""
"41","VJ7","Y","","",""
"41","VJ8","Y","","",""
"1","AJ1","N","","",""
"1","AJ2","N","","",""
"1","AJ3","Y","Exit A","A 出口",""
"1","AJ4","N","","",""
"1","AJ5","N","","",""
"1","AJ6","N","","",""
"1","AJ7","N","","",""
"1","AJ8","Y","","",""
"1","AJ9","N","","",""
"1","HIn1","Y","","",""
"1","HJ1","Y","","",""
"1","HJ2","Y","","",""
"1","HJ3","Y","","",""
"1","HJ4","N","","",""
"1","HJ5","Y","","",""
"1","HJ6","N","","",""
"1","HJ7","N","","",""
"1","HJ8","N","","",""
"1","MJ1","Y","","",""
"1","MJ2","Y","","",""
"1","MJ3","Y","","",""
"1","MJ4","N","","",""
"1","MJ5","Y","","",""
"1","MJ6","N","","",""
"1","MJ7","N","","",""
"1","MJ8","N","","",""
"1","VIn1","Y","","",""
"1","VIn2","Y","","",""
"1","VJ1","Y","","",""
"1","VJ2","Y","","",""
"1","VJ3","N","","",""
"1","VJ4","Y","","",""
"1","VJ5","Y","","",""
"1","VJ6","Y","","",""
"1","VJ7","Y","","",""
"1","VJ8","Y","","",""
"118","AJ1","N","","",""
"118","AJ2","Y","Exits B & D","B 和 D 出口",""
"118","AJ3","Y","Exits A & D","A 和 D 出口",""
"118","AJ4","Y","Exit C","C 出口",""
"118","AJ5","N","","",""
"118","AJ6","N","","",""
"118","AJ7","N","","",""
"118","AJ8","Y","","",""
"118","AJ9","N","","",""
"118","HIn1","Y","","",""
"118","HJ1","Y","","",""
"118","HJ2","Y","","",""
"118","HJ3","N","","",""
"118","HJ4","Y","","",""
"118","HJ5","N","","",""
"118","HJ6","N","","",""
"118","HJ7","Y","","",""
"118","HJ8","N","","",""
"118","MJ1","Y","","",""
"118","MJ2","Y","","",""
"118","MJ3","Y","","",""
"118","MJ4","N","","",""
"118","MJ5","Y","","",""
"118","MJ6","N","","",""
"118","MJ7","N","","",""
"118","MJ8","N","","",""
"118","VIn1","Y","","",""
"118","VIn2","Y","","",""
"118","VJ1","Y","","",""
"118","VJ2","Y","","",""
"118","VJ3","N","","",""
"118","VJ4","Y","","",""
"118","VJ5","Y","","",""
"118","VJ6","Y","","",""
"118","VJ7","Y","","",""
"118","VJ8","Y","","",""
"78","AJ1","Y","Arrival Hall
Departure Hall","入境大堂
出境大堂",""
"78","AJ2","N","","",""
"78","AJ3","Y","Arrival Hall
Departure Hall","入境大堂
出境大堂",""
"78","AJ4","N","","",""
"78","AJ5","N","","",""
"78","AJ6","N","","",""
"78","AJ7","N","","",""
"78","AJ8","Y","","",""
"78","AJ9","N","","",""
"78","HIn1","Y","","",""
"78","HJ1","Y","","",""
"78","HJ2","Y","","",""
"78","HJ3","N","","",""
"78","HJ4","Y","","",""
"78","HJ5","N","","",""
"78","HJ6","N","","",""
"78","HJ7","Y","","",""
"78","HJ8","N","","",""
"78","MJ1","Y","","",""
"78","MJ2","Y","","",""
"78","MJ3","Y","","",""
"78","MJ4","Y","","",""
"78","MJ5","Y","","",""
"78","MJ6","N","","",""
"78","MJ7","N","","",""
"78","MJ8","N","","",""
"78","VIn1","Y","","",""
"78","VIn2","Y","","",""
"78","VJ1","Y","","",""
"78","VJ2","Y","","",""
"78","VJ3","Y","","",""
"78","VJ4","Y","","",""
"78","VJ5","Y","","",""
"78","VJ6","Y","","",""
"78","VJ7","Y","","",""
"78","VJ8","Y","","",""
"38","AJ1","N","","",""
"38","AJ2","Y","Exit C","C 出口",""
"38","AJ3","N","","",""
"38","AJ4","N","","",""
"38","AJ5","N","","",""
"38","AJ6","N","","",""
"38","AJ7","N","","",""
"38","AJ8","Y","","",""
"38","AJ9","N","","",""
"38","HIn1","Y","","",""
"38","HJ1","Y","","",""
"38","HJ2","Y","","",""
"38","HJ3","Y","","",""
"38","HJ4","N","","",""
"38","HJ5","Y","","",""
"38","HJ6","N","","",""
"38","HJ7","N","","",""
"38","HJ8","N","","",""
"38","MJ1","Y","","",""
"38","MJ2","Y","","",""
"38","MJ3","Y","","",""
"38","MJ4","N","","",""
"38","MJ5","N","","",""
"38","MJ6","Y","","",""
"38","MJ7","Y","","",""
"38","MJ8","N","","",""
"38","VIn1","Y","","",""
"38","VIn2","Y","","",""
"38","VJ1","Y","","",""
"38","VJ2","Y","","",""
"38","VJ3","N","","",""
"38","VJ4","Y","","",""
"38","VJ5","Y","","",""
"38","VJ6","Y","","",""
"38","VJ7","Y","","",""
"38","VJ8","Y","","",""
"115","AJ1","Y","Exits B & C","B 和 C 出口",""
"115","AJ2","Y","Exits A & D","A 和 D 出口",""
"115","AJ3","N","","",""
"115","AJ4","N","","",""
"115","AJ5","N","","",""
"115","AJ6","N","","",""
"115","AJ7","N","","",""
"115","AJ8","Y","","",""
"115","AJ9","N","","",""
"115","HIn1","Y","","",""
"115","HJ1","Y","","",""
"115","HJ2","Y","","",""
"115","HJ3","N","","",""
"115","HJ4","Y","","",""
"115","HJ5","N","","",""
"115","HJ6","N","","",""
"115","HJ7","Y","","",""
"115","HJ8","N","","",""
"115","MJ1","Y","","",""
"115","MJ2","Y","","",""
"115","MJ3","Y","","",""
"115","MJ4","N","","",""
"115","MJ5","Y","","",""
"115","MJ6","N","","",""
"115","MJ7","N","","",""
"115","MJ8","N","","",""
"115","VIn1","Y","","",""
"115","VIn2","Y","","",""
"115","VJ1","Y","","",""
"115","VJ2","Y","","",""
"115","VJ3","N","","",""
"115","VJ4","Y","","",""
"115","VJ5","Y","","",""
"115","VJ6","Y","","",""
"115","VJ7","Y","","",""
"115","VJ8","Y","","",""
"75","AJ1","Y","Exits A1, A4, C & E","A1、A4、C 和 E 出口",""
"75","AJ2","Y","Exit D1 & D2","D1 和 D2 出口",""
"75","AJ3","N","","",""
"75","AJ4","N","","",""
"75","AJ5","N","","",""
"75","AJ6","N","","",""
"75","AJ7","N","","",""
"75","AJ8","Y","","",""
"75","AJ9","N","","",""
"75","HIn1","Y","","",""
"75","HJ1","Y","","",""
"75","HJ2","Y","","",""
"75","HJ3","N","","",""
"75","HJ4","Y","","",""
"75","HJ5","N","","",""
"75","HJ6","N","","",""
"75","HJ7","Y","","",""
"75","HJ8","N","","",""
"75","MJ1","Y","","",""
"75","MJ2","Y","","",""
"75","MJ3","Y","","",""
"75","MJ4","N","","",""
"75","MJ5","Y","","",""
"75","MJ6","N","","",""
"75","MJ7","N","","",""
"75","MJ8","N","","",""
"75","VIn1","Y","","",""
"75","VIn2","Y","","",""
"75","VJ1","Y","","",""
"75","VJ2","Y","","",""
"75","VJ3","Y","","",""
"75","VJ4","Y","","",""
"75","VJ5","Y","","",""
"75","VJ6","Y","","",""
"75","VJ7","Y","","",""
"75","VJ8","Y","","",""
"35","AJ1","N","","",""
"35","AJ2","Y","Exits B2, B3 & D1","B2、B3 和 D1 出口",""
"35","AJ3","Y","Exit B1","B1 出口",""
"35","AJ4","N","","",""
"35","AJ5","N","","",""
"35","AJ6","N","","",""
"35","AJ7","N","","",""
"35","AJ8","Y","","",""
"35","AJ9","N","","",""
"35","HIn1","Y","","",""
"35","HJ1","Y","","",""
"35","HJ2","Y","","",""
"35","HJ3","Y","","",""
"35","HJ4","N","","",""
"35","HJ5","Y","","",""
"35","HJ6","N","","",""
"35","HJ7","N","","",""
"35","HJ8","N","","",""
"35","MJ1","Y","","",""
"35","MJ2","Y","","",""
"35","MJ3","Y","","",""
"35","MJ4","N","","",""
"35","MJ5","N","","",""
"35","MJ6","Y","","",""
"35","MJ7","N","","",""
"35","MJ8","N","","",""
"35","VIn1","Y","","",""
"35","VIn2","Y","","",""
"35","VJ1","Y","","",""
"35","VJ2","Y","","",""
"35","VJ3","N","","",""
"35","VJ4","Y","","",""
"35","VJ5","Y","","",""
"35","VJ6","Y","","",""
"35","VJ7","Y","","",""
"35","VJ8","Y","","",""
"72","AJ1","Y","Exit B","B 出口",""
"72","AJ2","N","","",""
"72","AJ3","N","","",""
"72","AJ4","N","","",""
"72","AJ5","N","","",""
"72","AJ6","N","","",""
"72","AJ7","N","","",""
"72","AJ8","Y","","",""
"72","AJ9","N","","",""
"72","HIn1","Y","","",""
"72","HJ1","Y","","",""
"72","HJ2","Y","","",""
"72","HJ3","N","","",""
"72","HJ4","Y","","",""
"72","HJ5","N","","",""
"72","HJ6","N","","",""
"72","HJ7","Y","","",""
"72","HJ8","N","","",""
"72","MJ1","Y","","",""
"72","MJ2","Y","","",""
"72","MJ3","Y","","",""
"72","MJ4","N","","",""
"72","MJ5","Y","","",""
"72","MJ6","N","","",""
"72","MJ7","N","","",""
"72","MJ8","N","","",""
"72","VIn1","Y","","",""
"72","VIn2","Y","","",""
"72","VJ1","Y","","",""
"72","VJ2","Y","","",""
"72","VJ3","Y","","",""
"72","VJ4","Y","","",""
"72","VJ5","Y","","",""
"72","VJ6","Y","","",""
"72","VJ7","Y","","",""
"72","VJ8","Y","","",""
"32","AJ1","N","","",""
"32","AJ2","Y","Exits A & C","A 和 C 出口",""
"32","AJ3","N","","",""
"32","AJ4","N","","",""
"32","AJ5","N","","",""
"32","AJ6","N","","",""
"32","AJ7","N","","",""
"32","AJ8","Y","","",""
"32","AJ9","N","","",""
"32","HIn1","Y","","",""
"32","HJ1","Y","","",""
"32","HJ2","Y","","",""
"32","HJ3","Y","","",""
"32","HJ4","N","","",""
"32","HJ5","Y","","",""
"32","HJ6","N","","",""
"32","HJ7","N","","",""
"32","HJ8","N","","",""
"32","MJ1","Y","","",""
"32","MJ2","Y","","",""
"32","MJ3","Y","","",""
"32","MJ4","N","","",""
"32","MJ5","Y","","",""
"32","MJ6","N","","",""
"32","MJ7","N","","",""
"32","MJ8","N","","",""
"32","VIn1","Y","","",""
"32","VIn2","Y","","",""
"32","VJ1","Y","","",""
"32","VJ2","Y","","",""
"32","VJ3","N","","",""
"32","VJ4","Y","","",""
"32","VJ5","Y","","",""
"32","VJ6","Y","","",""
"32","VJ7","Y","","",""
"32","VJ8","Y","","",""
"69","AJ1","Y","Exits A & C","A 和 C 出口",""
"69","AJ2","N","","",""
"69","AJ3","Y","Exit B","B 出口",""
"69","AJ4","N","","",""
"69","AJ5","N","","",""
"69","AJ6","N","","",""
"69","AJ7","N","","",""
"69","AJ8","Y","","",""
"69","AJ9","N","","",""
"69","HIn1","Y","","",""
"69","HJ1","Y","","",""
"69","HJ2","Y","","",""
"69","HJ3","N","","",""
"69","HJ4","Y","","",""
"69","HJ5","N","","",""
"69","HJ6","N","","",""
"69","HJ7","Y","","",""
"69","HJ8","N","","",""
"69","MJ1","Y","","",""
"69","MJ2","Y","","",""
"69","MJ3","Y","","",""
"69","MJ4","N","","",""
"69","MJ5","Y","","",""
"69","MJ6","N","","",""
"69","MJ7","N","","",""
"69","MJ8","N","","",""
"69","VIn1","Y","","",""
"69","VIn2","Y","","",""
"69","VJ1","Y","","",""
"69","VJ2","Y","","",""
"69","VJ3","Y","","",""
"69","VJ4","Y","","",""
"69","VJ5","Y","","",""
"69","VJ6","Y","","",""
"69","VJ7","Y","","",""
"69","VJ8","Y","","",""
"29","AJ1","N","","",""
"29","AJ2","N","","",""
"29","AJ3","N","","",""
"29","AJ4","N","","",""
"29","AJ5","N","","",""
"29","AJ6","N","","",""
"29","AJ7","N","","",""
"29","AJ8","Y","","",""
"29","AJ9","Y","","",""
"29","HIn1","Y","","",""
"29","HJ1","Y","","",""
"29","HJ2","Y","","",""
"29","HJ3","Y","","",""
"29","HJ4","N","","",""
"29","HJ5","Y","","",""
"29","HJ6","N","","",""
"29","HJ7","N","","",""
"29","HJ8","N","","",""
"29","MJ1","Y","","",""
"29","MJ2","Y","","",""
"29","MJ3","Y","","",""
"29","MJ4","N","","",""
"29","MJ5","N","","",""
"29","MJ6","Y","","",""
"29","MJ7","N","","",""
"29","MJ8","N","","",""
"29","VIn1","Y","","",""
"29","VIn2","Y","","",""
"29","VJ1","Y","","",""
"29","VJ2","Y","","",""
"29","VJ3","N","","",""
"29","VJ4","Y","","",""
"29","VJ5","Y","","",""
"29","VJ6","Y","","",""
"29","VJ7","Y","","",""
"29","VJ8","Y","","",""
"26","AJ1","N","","",""
"26","AJ2","N","","",""
"26","AJ3","Y","Exit E3","E3 出口",""
"26","AJ4","N","","",""
"26","AJ5","N","","",""
"26","AJ6","Y","Exit A1 for exit only","A1 只供出口",""
"26","AJ7","N","","",""
"26","AJ8","Y","","",""
"26","AJ9","N","","",""
"26","HIn1","Y","","",""
"26","HJ1","Y","","",""
"26","HJ2","Y","","",""
"26","HJ3","Y","","",""
"26","HJ4","N","","",""
"26","HJ5","Y","","",""
"26","HJ6","N","","",""
"26","HJ7","N","","",""
"26","HJ8","N","","",""
"26","MJ1","Y","","",""
"26","MJ2","Y","","",""
"26","MJ3","Y","","",""
"26","MJ4","N","","",""
"26","MJ5","Y","","",""
"26","MJ6","N","","",""
"26","MJ7","N","","",""
"26","MJ8","N","","",""
"26","VIn1","Y","","",""
"26","VIn2","Y","","",""
"26","VJ1","Y","","",""
"26","VJ2","Y","","",""
"26","VJ3","N","","",""
"26","VJ4","Y","","",""
"26","VJ5","Y","","",""
"26","VJ6","Y","","",""
"26","VJ7","Y","","",""
"26","VJ8","Y","","",""
"103","AJ1","Y","Exit B","B 出口",""
"103","AJ2","N","","",""
"103","AJ3","N","","",""
"103","AJ4","Y","Exit A","A 出口",""
"103","AJ5","N","","",""
"103","AJ6","N","","",""
"103","AJ7","N","","",""
"103","AJ8","Y","","",""
"103","AJ9","N","","",""
"103","HIn1","Y","","",""
"103","HJ1","Y","","",""
"103","HJ2","Y","","",""
"103","HJ3","N","","",""
"103","HJ4","Y","","",""
"103","HJ5","N","","",""
"103","HJ6","N","","",""
"103","HJ7","Y","","",""
"103","HJ8","N","","",""
"103","MJ1","Y","","",""
"103","MJ2","Y","","",""
"103","MJ3","Y","","",""
"103","MJ4","N","","",""
"103","MJ5","Y","","",""
"103","MJ6","N","","",""
"103","MJ7","N","","",""
"103","MJ8","N","","",""
"103","VIn1","Y","","",""
"103","VIn2","Y","","",""
"103","VJ1","Y","","",""
"103","VJ2","Y","","",""
"103","VJ3","Y","","",""
"103","VJ4","Y","","",""
"103","VJ5","Y","","",""
"103","VJ6","Y","","",""
"103","VJ7","Y","","",""
"103","VJ8","Y","","",""
"23","AJ1","N","","",""
"23","AJ2","Y","Exits A, B & C","A、B 和 C 出口",""
"23","AJ3","N","","",""
"23","AJ4","Y","Exit E","E 出口",""
"23","AJ5","N","","",""
"23","AJ6","N","","",""
"23","AJ7","N","","",""
"23","AJ8","Y","","",""
"23","AJ9","N","","",""
"23","HIn1","Y","","",""
"23","HJ1","Y","","",""
"23","HJ2","Y","","",""
"23","HJ3","Y","","",""
"23","HJ4","N","","",""
"23","HJ5","Y","","",""
"23","HJ6","N","","",""
"23","HJ7","N","","",""
"23","HJ8","N","","",""
"23","MJ1","Y","","",""
"23","MJ2","Y","","",""
"23","MJ3","Y","","",""
"23","MJ4","N","","",""
"23","MJ5","N","","",""
"23","MJ6","Y","","",""
"23","MJ7","N","","",""
"23","MJ8","N","","",""
"23","VIn1","Y","","",""
"23","VIn2","Y","","",""
"23","VJ1","Y","","",""
"23","VJ2","Y","","",""
"23","VJ3","N","","",""
"23","VJ4","Y","","",""
"23","VJ5","Y","","",""
"23","VJ6","Y","","",""
"23","VJ7","Y","","",""
"23","VJ8","Y","","",""
"100","AJ1","N","","",""
"100","AJ2","N","","",""
"100","AJ3","Y","Exits A & B","A 和 B 出口",""
"100","AJ4","N","","",""
"100","AJ5","N","","",""
"100","AJ6","N","","",""
"100","AJ7","N","","",""
"100","AJ8","Y","","",""
"100","AJ9","N","","",""
"100","HIn1","Y","","",""
"100","HJ1","Y","","",""
"100","HJ2","Y","","",""
"100","HJ3","N","","",""
"100","HJ4","Y","","",""
"100","HJ5","Y","","",""
"100","HJ6","N","","",""
"100","HJ7","Y","","",""
"100","HJ8","N","","",""
"100","MJ1","Y","","",""
"100","MJ2","Y","","",""
"100","MJ3","Y","","",""
"100","MJ4","N","","",""
"100","MJ5","Y","","",""
"100","MJ6","N","","",""
"100","MJ7","N","","",""
"100","MJ8","N","","",""
"100","VIn1","Y","","",""
"100","VIn2","Y","","",""
"100","VJ1","Y","","",""
"100","VJ2","Y","","",""
"100","VJ3","Y","","",""
"100","VJ4","Y","","",""
"100","VJ5","Y","","",""
"100","VJ6","Y","","",""
"100","VJ7","Y","","",""
"100","VJ8","Y","","",""
"20","AJ1","N","","",""
"20","AJ2","Y","Exit D","D 出口",""
"20","AJ3","Y","Exits D & F","D 和 F 出口",""
"20","AJ4","N","","",""
"20","AJ5","Y","Exit C2","C2 出口",""
"20","AJ6","N","","",""
"20","AJ7","N","","",""
"20","AJ8","Y","","",""
"20","AJ9","N","","",""
"20","HIn1","Y","","",""
"20","HJ1","Y","","",""
"20","HJ2","Y","","",""
"20","HJ3","Y","","",""
"20","HJ4","Y","","",""
"20","HJ5","N","","",""
"20","HJ6","Y","","",""
"20","HJ7","Y","","",""
"20","HJ8","N","","",""
"20","MJ1","Y","","",""
"20","MJ2","Y","","",""
"20","MJ3","Y","","",""
"20","MJ4","N","","",""
"20","MJ5","Y","","",""
"20","MJ6","Y","","",""
"20","MJ7","N","","",""
"20","MJ8","N","","",""
"20","VIn1","Y","","",""
"20","VIn2","Y","","",""
"20","VJ1","Y","","",""
"20","VJ2","Y","","",""
"20","VJ3","N","","",""
"20","VJ4","Y","","",""
"20","VJ5","Y","","",""
"20","VJ6","Y","","",""
"20","VJ7","Y","","",""
"20","VJ8","Y","","",""
"97","AJ1","N","","",""
"97","AJ2","Y","Exits A, B, C & D","A、B、 C 和 D 出口",""
"97","AJ3","N","","",""
"97","AJ4","N","","",""
"97","AJ5","N","","",""
"97","AJ6","N","","",""
"97","AJ7","N","","",""
"97","AJ8","Y","","",""
"97","AJ9","N","","",""
"97","HIn1","Y","","",""
"97","HJ1","Y","","",""
"97","HJ2","Y","","",""
"97","HJ3","N","","",""
"97","HJ4","Y","","",""
"97","HJ5","N","","",""
"97","HJ6","N","","",""
"97","HJ7","Y","","",""
"97","HJ8","N","","",""
"97","MJ1","Y","","",""
"97","MJ2","Y","","",""
"97","MJ3","Y","","",""
"97","MJ4","N","","",""
"97","MJ5","Y","","",""
"97","MJ6","N","","",""
"97","MJ7","N","","",""
"97","MJ8","N","","",""
"97","VIn1","Y","","",""
"97","VIn2","Y","","",""
"97","VJ1","Y","","",""
"97","VJ2","Y","","",""
"97","VJ3","Y","","",""
"97","VJ4","Y","","",""
"97","VJ5","Y","","",""
"97","VJ6","Y","","",""
"97","VJ7","Y","","",""
"97","VJ8","Y","","",""
"57","AJ1","N","","",""
"57","AJ2","N","","",""
"57","AJ3","Y","Exit C","C 出口",""
"57","AJ4","Y","Exit B","B 出口",""
"57","AJ5","N","","",""
"57","AJ6","N","","",""
"57","AJ7","N","","",""
"57","AJ8","Y","","",""
"57","AJ9","N","","",""
"57","HIn1","Y","","",""
"57","HJ1","Y","","",""
"57","HJ2","Y","","",""
"57","HJ3","N","","",""
"57","HJ4","Y","","",""
"57","HJ5","Y","","",""
"57","HJ6","N","","",""
"57","HJ7","N","","",""
"57","HJ8","N","","",""
"57","MJ1","Y","","",""
"57","MJ2","Y","","",""
"57","MJ3","Y","","",""
"57","MJ4","N","","",""
"57","MJ5","N","","",""
"57","MJ6","Y","","",""
"57","MJ7","N","","",""
"57","MJ8","N","","",""
"57","VIn1","Y","","",""
"57","VIn2","Y","","",""
"57","VJ1","Y","","",""
"57","VJ2","Y","","",""
"57","VJ3","N","","",""
"57","VJ4","Y","","",""
"57","VJ5","Y","","",""
"57","VJ6","Y","","",""
"57","VJ7","Y","","",""
"57","VJ8","Y","","",""
"17","AJ1","N","","",""
"17","AJ2","N","","",""
"17","AJ3","Y","Exit B1","B1 出口",""
"17","AJ4","N","","",""
"17","AJ5","Y","Exit A1","A1 出口",""
"17","AJ6","N","","",""
"17","AJ7","N","","",""
"17","AJ8","Y","","",""
"17","AJ9","N","","",""
"17","HIn1","Y","","",""
"17","HJ1","Y","","",""
"17","HJ2","Y","","",""
"17","HJ3","Y","","",""
"17","HJ4","N","","",""
"17","HJ5","Y","","",""
"17","HJ6","N","","",""
"17","HJ7","N","","",""
"17","HJ8","N","","",""
"17","MJ1","Y","","",""
"17","MJ2","Y","","",""
"17","MJ3","Y","","",""
"17","MJ4","N","","",""
"17","MJ5","N","","",""
"17","MJ6","Y","","",""
"17","MJ7","N","","",""
"17","MJ8","N","","",""
"17","VIn1","N","","",""
"17","VIn2","Y","","",""
"17","VJ1","Y","","",""
"17","VJ2","Y","","",""
"17","VJ3","N","","",""
"17","VJ4","Y","","",""
"17","VJ5","Y","","",""
"17","VJ6","Y","","",""
"17","VJ7","Y","","",""
"17","VJ8","Y","","",""
"54","AJ1","N","","",""
"54","AJ2","Y","Exit A","A 出口",""
"54","AJ3","N","","",""
"54","AJ4","N","","",""
"54","AJ5","N","","",""
"54","AJ6","N","","",""
"54","AJ7","N","","",""
"54","AJ8","Y","","",""
"54","AJ9","N","","",""
"54","HIn1","Y","","",""
"54","HJ1","Y","","",""
"54","HJ2","Y","","",""
"54","HJ3","Y","","",""
"54","HJ4","N","","",""
"54","HJ5","N","","",""
"54","HJ6","Y","","",""
"54","HJ7","N","","",""
"54","HJ8","N","","",""
"54","MJ1","Y","","",""
"54","MJ2","Y","","",""
"54","MJ3","Y","","",""
"54","MJ4","N","","",""
"54","MJ5","Y","","",""
"54","MJ6","N","","",""
"54","MJ7","N","","",""
"54","MJ8","N","","",""
"54","VIn1","Y","","",""
"54","VIn2","Y","","",""
"54","VJ1","Y","","",""
"54","VJ2","Y","","",""
"54","VJ3","N","","",""
"54","VJ4","Y","","",""
"54","VJ5","Y","","",""
"54","VJ6","Y","","",""
"54","VJ7","Y","","",""
"54","VJ8","Y","","",""
"14","AJ1","N","","",""
"14","AJ2","Y","","",""
"14","AJ3","N","","",""
"14","AJ4","N","","",""
"14","AJ5","N","","",""
"14","AJ6","N","","",""
"14","AJ7","N","","",""
"14","AJ8","Y","","",""
"14","AJ9","N","","",""
"14","HIn1","Y","","",""
"14","HJ1","Y","","",""
"14","HJ2","Y","","",""
"14","HJ3","Y","","",""
"14","HJ4","N","","",""
"14","HJ5","Y","","",""
"14","HJ6","N","","",""
"14","HJ7","N","","",""
"14","HJ8","N","","",""
"14","MJ1","Y","","",""
"14","MJ2","Y","","",""
"14","MJ3","Y","","",""
"14","MJ4","N","","",""
"14","MJ5","Y","","",""
"14","MJ6","N","","",""
"14","MJ7","N","","",""
"14","MJ8","N","","",""
"14","VIn1","Y","","",""
"14","VIn2","Y","","",""
"14","VJ1","Y","","",""
"14","VJ2","Y","","",""
"14","VJ3","N","","",""
"14","VJ4","Y","","",""
"14","VJ5","Y","","",""
"14","VJ6","Y","","",""
"14","VJ7","Y","","",""
"14","VJ8","Y","","",""
"51","AJ1","Y","Exits A & B","A 和 B 出口",""
"51","AJ2","N","","",""
"51","AJ3","N","","",""
"51","AJ4","N","","",""
"51","AJ5","N","","",""
"51","AJ6","N","","",""
"51","AJ7","N","","",""
"51","AJ8","Y","","",""
"51","AJ9","N","","",""
"51","HIn1","Y","","",""
"51","HJ1","Y","","",""
"51","HJ2","Y","","",""
"51","HJ3","Y","","",""
"51","HJ4","N","","",""
"51","HJ5","Y","","",""
"51","HJ6","N","","",""
"51","HJ7","N","","",""
"51","HJ8","N","","",""
"51","MJ1","Y","","",""
"51","MJ2","Y","","",""
"51","MJ3","Y","","",""
"51","MJ4","N","","",""
"51","MJ5","N","","",""
"51","MJ6","Y","","",""
"51","MJ7","N","","",""
"51","MJ8","N","","",""
"51","VIn1","Y","","",""
"51","VIn2","Y","","",""
"51","VJ1","Y","","",""
"51","VJ2","Y","","",""
"51","VJ3","N","","",""
"51","VJ4","Y","","",""
"51","VJ5","Y","","",""
"51","VJ6","Y","","",""
"51","VJ7","Y","","",""
"51","VJ8","Y","","",""
"11","AJ1","N","","",""
"11","AJ2","Y","Exit A2","A2 出口",""
"11","AJ3","Y","Exit A1 & B","A1 和 B 出口",""
"11","AJ4","N","","",""
"11","AJ5","Y","Exit A1","A1 出口",""
"11","AJ6","N","","",""
"11","AJ7","N","","",""
"11","AJ8","Y","","",""
"11","AJ9","N","","",""
"11","HIn1","Y","","",""
"11","HJ1","Y","","",""
"11","HJ2","Y","","",""
"11","HJ3","Y","","",""
"11","HJ4","Y","","",""
"11","HJ5","N","","",""
"11","HJ6","Y","","",""
"11","HJ7","Y","","",""
"11","HJ8","N","","",""
"11","MJ1","Y","","",""
"11","MJ2","Y","","",""
"11","MJ3","Y","","",""
"11","MJ4","N","","",""
"11","MJ5","Y","","",""
"11","MJ6","N","","",""
"11","MJ7","N","","",""
"11","MJ8","N","","",""
"11","VIn1","Y","","",""
"11","VIn2","Y","","",""
"11","VJ1","Y","","",""
"11","VJ2","Y","","",""
"11","VJ3","N","","",""
"11","VJ4","Y","","",""
"11","VJ5","Y","","",""
"11","VJ6","Y","","",""
"11","VJ7","Y","","",""
"11","VJ8","Y","","",""
"48","AJ1","Y","Exits B1 & B2","B1 和 B2 出口",""
"48","AJ2","N","","",""
"48","AJ3","Y","Exit B2","B2 出口",""
"48","AJ4","Y","Exit A1","A1 出口",""
"48","AJ5","N","","",""
"48","AJ6","N","","",""
"48","AJ7","N","","",""
"48","AJ8","Y","","",""
"48","AJ9","N","","",""
"48","HIn1","Y","","",""
"48","HJ1","Y","","",""
"48","HJ2","Y","","",""
"48","HJ3","Y","","",""
"48","HJ4","N","","",""
"48","HJ5","Y","","",""
"48","HJ6","N","","",""
"48","HJ7","N","","",""
"48","HJ8","N","","",""
"48","MJ1","Y","","",""
"48","MJ2","Y","","",""
"48","MJ3","Y","","",""
"48","MJ4","N","","",""
"48","MJ5","Y","","",""
"48","MJ6","N","","",""
"48","MJ7","N","","",""
"48","MJ8","N","","",""
"48","VIn1","Y","","",""
"48","VIn2","Y","","",""
"48","VJ1","Y","","",""
"48","VJ2","Y","","",""
"48","VJ3","N","","",""
"48","VJ4","Y","","",""
"48","VJ5","Y","","",""
"48","VJ6","Y","","",""
"48","VJ7","Y","","",""
"48","VJ8","Y","","",""
"8","AJ1","Y","Exits G1 & H","G1 和 H 出口",""
"8","AJ2","N","","",""
"8","AJ3","Y","Exits D, E & F","D、 E 和 F 出口",""
"8","AJ4","Y","Exit C2","C2 出口",""
"8","AJ5","N","","",""
"8","AJ6","N","","",""
"8","AJ7","N","","",""
"8","AJ8","Y","","",""
"8","AJ9","N","","",""
"8","HIn1","Y","","",""
"8","HJ1","Y","","",""
"8","HJ2","Y","","",""
"8","HJ3","Y","","",""
"8","HJ4","Y","","",""
"8","HJ5","N","","",""
"8","HJ6","Y","","",""
"8","HJ7","Y","","",""
"8","HJ8","N","","",""
"8","MJ1","Y","","",""
"8","MJ2","Y","","",""
"8","MJ3","Y","","",""
"8","MJ4","N","","",""
"8","MJ5","Y","","",""
"8","MJ6","N","","",""
"8","MJ7","N","","",""
"8","MJ8","Y","","",""
"8","VIn1","Y","","",""
"8","VIn2","Y","","",""
"8","VJ1","Y","","",""
"8","VJ2","Y","","",""
"8","VJ3","Y","","",""
"8","VJ4","Y","","",""
"8","VJ5","Y","","",""
"8","VJ6","Y","","",""
"8","VJ7","Y","","",""
"8","VJ8","Y","","",""
"5","AJ1","N","","",""
"5","AJ2","N","","",""
"5","AJ3","Y","Exit B","B 出口",""
"5","AJ4","N","","",""
"5","AJ5","Y","Exit A1","A1 出口",""
"5","AJ6","N","","",""
"5","AJ7","N","","",""
"5","AJ8","Y","","",""
"5","AJ9","N","","",""
"5","HIn1","Y","","",""
"5","HJ1","Y","","",""
"5","HJ2","Y","","",""
"5","HJ3","Y","","",""
"5","HJ4","N","","",""
"5","HJ5","Y","","",""
"5","HJ6","N","","",""
"5","HJ7","N","","",""
"5","HJ8","N","","",""
"5","MJ1","Y","","",""
"5","MJ2","Y","","",""
"5","MJ3","Y","","",""
"5","MJ4","N","","",""
"5","MJ5","Y","","",""
"5","MJ6","N","","",""
"5","MJ7","N","","",""
"5","MJ8","N","","",""
"5","VIn1","Y","","",""
"5","VIn2","Y","","",""
"5","VJ1","Y","","",""
"5","VJ2","Y","","",""
"5","VJ3","N","","",""
"5","VJ4","Y","","",""
"5","VJ5","Y","","",""
"5","VJ6","Y","","",""
"5","VJ7","Y","","",""
"5","VJ8","Y","","",""
"42","AJ1","N","","",""
"42","AJ2","N","","",""
"42","AJ3","Y","Exit C","C 出口",""
"42","AJ4","Y","Exit E through Maritime Square","E 出口經青衣城商場",""
"42","AJ5","N","","",""
"42","AJ6","N","","",""
"42","AJ7","N","","",""
"42","AJ8","N","","",""
"42","AJ9","N","","",""
"42","HIn1","Y","","",""
"42","HJ1","Y","","",""
"42","HJ2","Y","","",""
"42","HJ3","Y","","",""
"42","HJ4","N","","",""
"42","HJ5","N","","",""
"42","HJ6","Y","","",""
"42","HJ7","N","","",""
"42","HJ8","N","","",""
"42","MJ1","Y","","",""
"42","MJ2","Y","","",""
"42","MJ3","Y","","",""
"42","MJ4","Y","","",""
"42","MJ5","N","","",""
"42","MJ6","Y","","",""
"42","MJ7","N","","",""
"42","MJ8","N","","",""
"42","VIn1","N","","",""
"42","VIn2","Y","","",""
"42","VJ1","Y","","",""
"42","VJ2","Y","","",""
"42","VJ3","N","","",""
"42","VJ4","Y","","",""
"42","VJ5","Y","","",""
"42","VJ6","Y","","",""
"42","VJ7","Y","","",""
"42","VJ8","Y","","",""
"2","AJ1","N","","",""
"2","AJ2","N","","",""
"2","AJ3","Y","Exit E","E 出口",""
"2","AJ4","N","","",""
"2","AJ5","Y","Exits A & D","A 和 D 出口",""
"2","AJ6","N","","",""
"2","AJ7","N","","",""
"2","AJ8","Y","","",""
"2","AJ9","N","","",""
"2","HIn1","Y","","",""
"2","HJ1","Y","","",""
"2","HJ2","Y","","",""
"2","HJ3","Y","","",""
"2","HJ4","Y","","",""
"2","HJ5","N","","",""
"2","HJ6","Y","","",""
"2","HJ7","Y","","",""
"2","HJ8","N","","",""
"2","MJ1","Y","","",""
"2","MJ2","Y","","",""
"2","MJ3","Y","","",""
"2","MJ4","N","","",""
"2","MJ5","Y","","",""
"2","MJ6","N","","",""
"2","MJ7","N","","",""
"2","MJ8","N","","",""
"2","VIn1","Y","","",""
"2","VIn2","Y","","",""
"2","VJ1","Y","","",""
"2","VJ2","Y","","",""
"2","VJ3","N","","",""
"2","VJ4","Y","","",""
"2","VJ5","Y","","",""
"2","VJ6","Y","","",""
"2","VJ7","Y","","",""
"2","VJ8","N","","",""
"119","AJ1","Y","Exits A & E","A 和 E 出口",""
"119","AJ2","Y","Exit F","F 出口",""
"119","AJ3","Y","Exits C3 & D","C3 和 D 出口",""
"119","AJ4","N","","",""
"119","AJ5","N","","",""
"119","AJ6","N","","",""
"119","AJ7","N","","",""
"119","AJ8","Y","","",""
"119","AJ9","N","","",""
"119","HIn1","Y","","",""
"119","HJ1","Y","","",""
"119","HJ2","Y","","",""
"119","HJ3","N","","",""
"119","HJ4","Y","","",""
"119","HJ5","N","","",""
"119","HJ6","N","","",""
"119","HJ7","Y","","",""
"119","HJ8","N","","",""
"119","MJ1","Y","","",""
"119","MJ2","Y","","",""
"119","MJ3","Y","","",""
"119","MJ4","N","","",""
"119","MJ5","Y","","",""
"119","MJ6","N","","",""
"119","MJ7","N","","",""
"119","MJ8","N","","",""
"119","VIn1","Y","","",""
"119","VIn2","Y","","",""
"119","VJ1","Y","","",""
"119","VJ2","Y","","",""
"119","VJ3","N","","",""
"119","VJ4","Y","","",""
"119","VJ5","Y","","",""
"119","VJ6","Y","","",""
"119","VJ7","Y","","",""
"119","VJ8","Y","","",""
"39","AJ1","N","","",""
"39","AJ2","N","","",""
"39","AJ3","Y","Exit A & E, ITCI Drop Off","A 和 E、ITCI Drop Off 出口",""
"39","AJ4","N","","",""
"39","AJ5","N","","",""
"39","AJ6","N","","",""
"39","AJ7","N","","",""
"39","AJ8","Y","","",""
"39","AJ9","N","","",""
"39","HIn1","Y","","",""
"39","HJ1","Y","","",""
"39","HJ2","Y","","",""
"39","HJ3","N","","",""
"39","HJ4","Y","","",""
"39","HJ5","N","","",""
"39","HJ6","Y","","",""
"39","HJ7","N","","",""
"39","HJ8","N","","",""
"39","MJ1","Y","","",""
"39","MJ2","Y","","",""
"39","MJ3","Y","","",""
"39","MJ4","Y","","",""
"39","MJ5","N","","",""
"39","MJ6","Y","","",""
"39","MJ7","N","","",""
"39","MJ8","N","","",""
"39","VIn1","N","","",""
"39","VIn2","Y","","",""
"39","VJ1","Y","","",""
"39","VJ2","Y","","",""
"39","VJ3","N","","",""
"39","VJ4","Y","","",""
"39","VJ5","Y","","",""
"39","VJ6","Y","","",""
"39","VJ7","Y","","",""
"39","VJ8","Y","","",""
"116","AJ1","N","","",""
"116","AJ2","Y","Exit G2","G2 出口",""
"116","AJ3","Y","Exits E & G","E 和 G 出口",""
"116","AJ4","N","","",""
"116","AJ5","Y","Exit F","F 出口",""
"116","AJ6","N","","",""
"116","AJ7","N","","",""
"116","AJ8","Y","","",""
"116","AJ9","N","","",""
"116","HIn1","Y","","",""
"116","HJ1","Y","","",""
"116","HJ2","Y","","",""
"116","HJ3","N","","",""
"116","HJ4","Y","","",""
"116","HJ5","N","","",""
"116","HJ6","N","","",""
"116","HJ7","Y","","",""
"116","HJ8","N","","",""
"116","MJ1","Y","","",""
"116","MJ2","Y","","",""
"116","MJ3","Y","","",""
"116","MJ4","N","","",""
"116","MJ5","Y","","",""
"116","MJ6","N","","",""
"116","MJ7","N","","",""
"116","MJ8","N","","",""
"116","VIn1","Y","","",""
"116","VIn2","Y","","",""
"116","VJ1","Y","","",""
"116","VJ2","Y","","",""
"116","VJ3","N","","",""
"116","VJ4","Y","","",""
"116","VJ5","Y","","",""
"116","VJ6","Y","","",""
"116","VJ7","Y","","",""
"116","VJ8","Y","","",""
"76","AJ1","Y","Arrival Hall
Departure Hall","入境大堂
出境大堂",""
"76","AJ2","N","","",""
"76","AJ3","Y","Arrival Hall
Departure Hall","入境大堂
出境大堂",""
"76","AJ4","N","","",""
"76","AJ5","N","","",""
"76","AJ6","N","","",""
"76","AJ7","N","","",""
"76","AJ8","Y","","",""
"76","AJ9","N","","",""
"76","HIn1","Y","","",""
"76","HJ1","Y","","",""
"76","HJ2","Y","","",""
"76","HJ3","N","","",""
"76","HJ4","Y","","",""
"76","HJ5","N","","",""
"76","HJ6","N","","",""
"76","HJ7","Y","","",""
"76","HJ8","N","","",""
"76","MJ1","Y","","",""
"76","MJ2","Y","","",""
"76","MJ3","Y","","",""
"76","MJ4","Y","","",""
"76","MJ5","Y","","",""
"76","MJ6","N","","",""
"76","MJ7","N","","",""
"76","MJ8","N","","",""
"76","VIn1","Y","","",""
"76","VIn2","Y","","",""
"76","VJ1","Y","","",""
"76","VJ2","Y","","",""
"76","VJ3","Y","","",""
"76","VJ4","Y","","",""
"76","VJ5","Y","","",""
"76","VJ6","Y","","",""
"76","VJ7","Y","","",""
"76","VJ8","Y","","",""
"36","AJ1","N","","",""
"36","AJ2","N","","",""
"36","AJ3","N","","",""
"36","AJ4","Y","Exit A","A 出口",""
"36","AJ5","N","","",""
"36","AJ6","N","","",""
"36","AJ7","N","","",""
"36","AJ8","Y","","",""
"36","AJ9","N","","",""
"36","HIn1","Y","","",""
"36","HJ1","Y","","",""
"36","HJ2","Y","","",""
"36","HJ3","Y","","",""
"36","HJ4","N","","",""
"36","HJ5","Y","","",""
"36","HJ6","N","","",""
"36","HJ7","N","","",""
"36","HJ8","N","","",""
"36","MJ1","Y","","",""
"36","MJ2","Y","","",""
"36","MJ3","Y","","",""
"36","MJ4","N","","",""
"36","MJ5","N","","",""
"36","MJ6","Y","","",""
"36","MJ7","N","","",""
"36","MJ8","N","","",""
"36","VIn1","Y","","",""
"36","VIn2","Y","","",""
"36","VJ1","Y","","",""
"36","VJ2","Y","","",""
"36","VJ3","N","","",""
"36","VJ4","Y","","",""
"36","VJ5","Y","","",""
"36","VJ6","Y","","",""
"36","VJ7","Y","","",""
"36","VJ8","Y","","",""
"73","AJ1","N","","",""
"73","AJ2","N","","",""
"73","AJ3","N","","",""
"73","AJ4","Y","Exits A & B through Tai Wo Shopping Centre","A 和 B 出口經太和商場",""
"73","AJ5","N","","",""
"73","AJ6","N","","",""
"73","AJ7","N","","",""
"73","AJ8","Y","","",""
"73","AJ9","N","","",""
"73","HIn1","Y","","",""
"73","HJ1","Y","","",""
"73","HJ2","Y","","",""
"73","HJ3","N","","",""
"73","HJ4","Y","","",""
"73","HJ5","N","","",""
"73","HJ6","N","","",""
"73","HJ7","Y","","",""
"73","HJ8","N","","",""
"73","MJ1","Y","","",""
"73","MJ2","Y","","",""
"73","MJ3","Y","","",""
"73","MJ4","N","","",""
"73","MJ5","Y","","",""
"73","MJ6","N","","",""
"73","MJ7","N","","",""
"73","MJ8","N","","",""
"73","VIn1","Y","","",""
"73","VIn2","Y","","",""
"73","VJ1","Y","","",""
"73","VJ2","Y","","",""
"73","VJ3","Y","","",""
"73","VJ4","Y","","",""
"73","VJ5","Y","","",""
"73","VJ6","Y","","",""
"73","VJ7","Y","","",""
"73","VJ8","Y","","",""
"33","AJ1","N","","",""
"33","AJ2","N","","",""
"33","AJ3","Y","Exit D","D 出口",""
"33","AJ4","N","","",""
"33","AJ5","N","","",""
"33","AJ6","N","","",""
"33","AJ7","N","","",""
"33","AJ8","Y","","",""
"33","AJ9","N","","",""
"33","HIn1","Y","","",""
"33","HJ1","Y","","",""
"33","HJ2","Y","","",""
"33","HJ3","Y","","",""
"33","HJ4","N","","",""
"33","HJ5","Y","","",""
"33","HJ6","N","","",""
"33","HJ7","N","","",""
"33","HJ8","N","","",""
"33","MJ1","Y","","",""
"33","MJ2","Y","","",""
"33","MJ3","Y","","",""
"33","MJ4","N","","",""
"33","MJ5","N","","",""
"33","MJ6","Y","","",""
"33","MJ7","Y","","",""
"33","MJ8","N","","",""
"33","VIn1","Y","","",""
"33","VIn2","Y","","",""
"33","VJ1","Y","","",""
"33","VJ2","Y","","",""
"33","VJ3","N","","",""
"33","VJ4","Y","","",""
"33","VJ5","Y","","",""
"33","VJ6","Y","","",""
"33","VJ7","Y","","",""
"33","VJ8","Y","","",""
"70","AJ1","N","","",""
"70","AJ2","N","","",""
"70","AJ3","N","","",""
"70","AJ4","N","","",""
"70","AJ5","Y","Middle Bridge","中橋",""
"70","AJ6","N","","",""
"70","AJ7","N","","",""
"70","AJ8","N","","",""
"70","AJ9","N","","",""
"70","HIn1","Y","","",""
"70","HJ1","Y","","",""
"70","HJ2","Y","","",""
"70","HJ3","N","","",""
"70","HJ4","Y","","",""
"70","HJ5","N","","",""
"70","HJ6","N","","",""
"70","HJ7","Y","","",""
"70","HJ8","N","","",""
"70","MJ1","Y","","",""
"70","MJ2","Y","","",""
"70","MJ3","Y","","",""
"70","MJ4","N","","",""
"70","MJ5","N","","",""
"70","MJ6","N","","",""
"70","MJ7","N","","",""
"70","MJ8","N","","",""
"70","VIn1","N","","",""
"70","VIn2","Y","","",""
"70","VJ1","Y","","",""
"70","VJ2","Y","","",""
"70","VJ3","Y","","",""
"70","VJ4","N","","",""
"70","VJ5","N","","",""
"70","VJ6","Y","","",""
"70","VJ7","Y","","",""
"70","VJ8","Y","","",""
"30","AJ1","N","","",""
"30","AJ2","N","","",""
"30","AJ3","N","","",""
"30","AJ4","N","","",""
"30","AJ5","N","","",""
"30","AJ6","Y","Exit B","B 出口",""
"30","AJ7","N","","",""
"30","AJ8","Y","","",""
"30","AJ9","N","","",""
"30","HIn1","Y","","",""
"30","HJ1","Y","","",""
"30","HJ2","Y","","",""
"30","HJ3","Y","","",""
"30","HJ4","N","","",""
"30","HJ5","Y","","",""
"30","HJ6","N","","",""
"30","HJ7","N","","",""
"30","HJ8","N","","",""
"30","MJ1","Y","","",""
"30","MJ2","Y","","",""
"30","MJ3","Y","","",""
"30","MJ4","N","","",""
"30","MJ5","N","","",""
"30","MJ6","Y","","",""
"30","MJ7","N","","",""
"30","MJ8","N","","",""
"30","VIn1","Y","","",""
"30","VIn2","Y","","",""
"30","VJ1","Y","","",""
"30","VJ2","Y","","",""
"30","VJ3","N","","",""
"30","VJ4","Y","","",""
"30","VJ5","Y","","",""
"30","VJ6","Y","","",""
"30","VJ7","Y","","",""
"30","VJ8","Y","","",""
"67","AJ1","Y","Exits A, B, C & D","A、B、C 和 D 出口",""
"67","AJ2","N","","",""
"67","AJ3","N","","",""
"67","AJ4","N","","",""
"67","AJ5","N","","",""
"67","AJ6","N","","",""
"67","AJ7","N","","",""
"67","AJ8","Y","","",""
"67","AJ9","N","","",""
"67","HIn1","Y","","",""
"67","HJ1","Y","","",""
"67","HJ2","Y","","",""
"67","HJ3","N","","",""
"67","HJ4","Y","","",""
"67","HJ5","N","","",""
"67","HJ6","N","","",""
"67","HJ7","Y","","",""
"67","HJ8","N","","",""
"67","MJ1","Y","","",""
"67","MJ2","Y","","",""
"67","MJ3","Y","","",""
"67","MJ4","N","","",""
"67","MJ5","Y","","",""
"67","MJ6","N","","",""
"67","MJ7","N","","",""
"67","MJ8","N","","",""
"67","VIn1","Y","","",""
"67","VIn2","Y","","",""
"67","VJ1","Y","","",""
"67","VJ2","Y","","",""
"67","VJ3","Y","","",""
"67","VJ4","Y","","",""
"67","VJ5","Y","","",""
"67","VJ6","Y","","",""
"67","VJ7","Y","","",""
"67","VJ8","Y","","",""
"27","AJ1","N","","",""
"27","AJ2","N","","",""
"27","AJ3","Y","Exit A4","A4 出口",""
"27","AJ4","N","","",""
"27","AJ5","N","","",""
"27","AJ6","N","","",""
"27","AJ7","N","","",""
"27","AJ8","Y","","",""
"27","AJ9","N","","",""
"27","HIn1","Y","","",""
"27","HJ1","Y","","",""
"27","HJ2","Y","","",""
"27","HJ3","Y","","",""
"27","HJ4","N","","",""
"27","HJ5","Y","","",""
"27","HJ6","N","","",""
"27","HJ7","N","","",""
"27","HJ8","N","","",""
"27","MJ1","Y","","",""
"27","MJ2","Y","","",""
"27","MJ3","Y","","",""
"27","MJ4","N","","",""
"27","MJ5","N","","",""
"27","MJ6","Y","","",""
"27","MJ7","N","","",""
"27","MJ8","N","","",""
"27","VIn1","Y","","",""
"27","VIn2","Y","","",""
"27","VJ1","Y","","",""
"27","VJ2","Y","","",""
"27","VJ3","N","","",""
"27","VJ4","Y","","",""
"27","VJ5","Y","","",""
"27","VJ6","Y","","",""
"27","VJ7","Y","","",""
"27","VJ8","Y","","",""
"64","AJ1","Y","Exits A1, B1, C1, C2, C3, D1 & D5","A1, B1, C1, C2, C3, D1 和 D5 出口",""
"64","AJ2","N","","",""
"64","AJ3","Y","Exits A, B2, C1, C3 & Subway","A, B2, C1, C3 出口和隧道",""
"64","AJ4","Y","Exits A1, C2 & D1","A1, C2 和 D1 出口",""
"64","AJ5","N","","",""
"64","AJ6","N","","",""
"64","AJ7","N","","",""
"64","AJ8","Y","","",""
"64","AJ9","N","","",""
"64","HIn1","Y","","",""
"64","HJ1","Y","","",""
"64","HJ2","Y","","",""
"64","HJ3","N","","",""
"64","HJ4","Y","","",""
"64","HJ5","N","","",""
"64","HJ6","N","","",""
"64","HJ7","Y","","",""
"64","HJ8","N","","",""
"64","MJ1","Y","","",""
"64","MJ2","Y","","",""
"64","MJ3","Y","","",""
"64","MJ4","Y","","",""
"64","MJ5","Y","","",""
"64","MJ6","N","","",""
"64","MJ7","N","","",""
"64","MJ8","N","","",""
"64","VIn1","Y","","",""
"64","VIn2","Y","","",""
"64","VJ1","Y","","",""
"64","VJ2","Y","","",""
"64","VJ3","N","","",""
"64","VJ4","Y","","",""
"64","VJ5","Y","","",""
"64","VJ6","Y","","",""
"64","VJ7","Y","","",""
"64","VJ8","Y","","",""
"24","AJ1","N","","",""
"24","AJ2","N","","",""
"24","AJ3","Y","Exit B","B 出口",""
"24","AJ4","N","","",""
"24","AJ5","N","","",""
"24","AJ6","N","","",""
"24","AJ7","N","","",""
"24","AJ8","Y","","",""
"24","AJ9","N","","",""
"24","HIn1","Y","","",""
"24","HJ1","Y","","",""
"24","HJ2","Y","","",""
"24","HJ3","Y","","",""
"24","HJ4","N","","",""
"24","HJ5","Y","","",""
"24","HJ6","N","","",""
"24","HJ7","N","","",""
"24","HJ8","N","","",""
"24","MJ1","Y","","",""
"24","MJ2","Y","","",""
"24","MJ3","Y","","",""
"24","MJ4","N","","",""
"24","MJ5","N","","",""
"24","MJ6","Y","","",""
"24","MJ7","N","","",""
"24","MJ8","N","","",""
"24","VIn1","Y","","",""
"24","VIn2","Y","","",""
"24","VJ1","Y","","",""
"24","VJ2","Y","","",""
"24","VJ3","N","","",""
"24","VJ4","Y","","",""
"24","VJ5","Y","","",""
"24","VJ6","Y","","",""
"24","VJ7","Y","","",""
"24","VJ8","Y","","",""
"101","AJ1","N","","",""
"101","AJ2","Y","Exits A, B & C","A 、 B 和 C 出口",""
"101","AJ3","N","","",""
"101","AJ4","N","","",""
"101","AJ5","N","","",""
"101","AJ6","N","","",""
"101","AJ7","N","","",""
"101","AJ8","Y","","",""
"101","AJ9","N","","",""
"101","HIn1","Y","","",""
"101","HJ1","Y","","",""
"101","HJ2","Y","","",""
"101","HJ3","N","","",""
"101","HJ4","Y","","",""
"101","HJ5","Y","","",""
"101","HJ6","N","","",""
"101","HJ7","Y","","",""
"101","HJ8","N","","",""
"101","MJ1","Y","","",""
"101","MJ2","Y","","",""
"101","MJ3","Y","","",""
"101","MJ4","N","","",""
"101","MJ5","Y","","",""
"101","MJ6","N","","",""
"101","MJ7","N","","",""
"101","MJ8","N","","",""
"101","VIn1","Y","","",""
"101","VIn2","Y","","",""
"101","VJ1","Y","","",""
"101","VJ2","Y","","",""
"101","VJ3","Y","","",""
"101","VJ4","Y","","",""
"101","VJ5","Y","","",""
"101","VJ6","Y","","",""
"101","VJ7","Y","","",""
"101","VJ8","Y","","",""
"21","AJ1","N","","",""
"21","AJ2","N","","",""
"21","AJ3","Y","Exit B & C","B 和 C 出口",""
"21","AJ4","N","","",""
"21","AJ5","N","","",""
"21","AJ6","N","","",""
"21","AJ7","N","","",""
"21","AJ8","Y","","",""
"21","AJ9","N","","",""
"21","HIn1","Y","","",""
"21","HJ1","Y","","",""
"21","HJ2","Y","","",""
"21","HJ3","Y","","",""
"21","HJ4","N","","",""
"21","HJ5","Y","","",""
"21","HJ6","N","","",""
"21","HJ7","N","","",""
"21","HJ8","N","","",""
"21","MJ1","Y","","",""
"21","MJ2","Y","","",""
"21","MJ3","Y","","",""
"21","MJ4","N","","",""
"21","MJ5","Y","","",""
"21","MJ6","N","","",""
"21","MJ7","N","","",""
"21","MJ8","N","","",""
"21","VIn1","Y","","",""
"21","VIn2","Y","","",""
"21","VJ1","Y","","",""
"21","VJ2","Y","","",""
"21","VJ3","N","","",""
"21","VJ4","Y","","",""
"21","VJ5","Y","","",""
"21","VJ6","Y","","",""
"21","VJ7","Y","","",""
"21","VJ8","Y","","",""
"98","AJ1","N","","",""
"98","AJ2","Y","Exits A, B, C & D","A、B、 C 和 D 出口",""
"98","AJ3","N","","",""
"98","AJ4","N","","",""
"98","AJ5","N","","",""
"98","AJ6","N","","",""
"98","AJ7","N","","",""
"98","AJ8","Y","","",""
"98","AJ9","N","","",""
"98","HIn1","Y","","",""
"98","HJ1","Y","","",""
"98","HJ2","Y","","",""
"98","HJ3","N","","",""
"98","HJ4","Y","","",""
"98","HJ5","N","","",""
"98","HJ6","N","","",""
"98","HJ7","Y","","",""
"98","HJ8","N","","",""
"98","MJ1","Y","","",""
"98","MJ2","Y","","",""
"98","MJ3","Y","","",""
"98","MJ4","N","","",""
"98","MJ5","Y","","",""
"98","MJ6","N","","",""
"98","MJ7","N","","",""
"98","MJ8","N","","",""
"98","VIn1","Y","","",""
"98","VIn2","Y","","",""
"98","VJ1","Y","","",""
"98","VJ2","Y","","",""
"98","VJ3","Y","","",""
"98","VJ4","Y","","",""
"98","VJ5","Y","","",""
"98","VJ6","Y","","",""
"98","VJ7","Y","","",""
"98","VJ8","Y","","",""
"18","AJ1","N","","",""
"18","AJ2","N","","",""
"18","AJ3","Y","Exit A3","A3 出口",""
"18","AJ4","N","","",""
"18","AJ5","N","","",""
"18","AJ6","N","","",""
"18","AJ7","N","","",""
"18","AJ8","Y","","",""
"18","AJ9","N","","",""
"18","HIn1","Y","","",""
"18","HJ1","Y","","",""
"18","HJ2","Y","","",""
"18","HJ3","Y","","",""
"18","HJ4","N","","",""
"18","HJ5","Y","","",""
"18","HJ6","N","","",""
"18","HJ7","N","","",""
"18","HJ8","N","","",""
"18","MJ1","Y","","",""
"18","MJ2","Y","","",""
"18","MJ3","Y","","",""
"18","MJ4","N","","",""
"18","MJ5","N","","",""
"18","MJ6","Y","","",""
"18","MJ7","N","","",""
"18","MJ8","N","","",""
"18","VIn1","Y","","",""
"18","VIn2","Y","","",""
"18","VJ1","Y","","",""
"18","VJ2","Y","","",""
"18","VJ3","N","","",""
"18","VJ4","Y","","",""
"18","VJ5","Y","","",""
"18","VJ6","Y","","",""
"18","VJ7","Y","","",""
"18","VJ8","Y","","",""
"55","AJ1","Y","Exit A","A 出口",""
"55","AJ2","N","","",""
"55","AJ3","N","","",""
"55","AJ4","N","","",""
"55","AJ5","N","","",""
"55","AJ6","N","","",""
"55","AJ7","N","","",""
"55","AJ8","Y","","",""
"55","AJ9","N","","",""
"55","HIn1","Y","","",""
"55","HJ1","Y","","",""
"55","HJ2","Y","","",""
"55","HJ3","N","","",""
"55","HJ4","N","","",""
"55","HJ5","N","","",""
"55","HJ6","N","","",""
"55","HJ7","N","","",""
"55","HJ8","N","","",""
"55","MJ1","Y","","",""
"55","MJ2","Y","","",""
"55","MJ3","Y","","",""
"55","MJ4","N","","",""
"55","MJ5","N","","",""
"55","MJ6","N","","",""
"55","MJ7","N","","",""
"55","MJ8","N","","",""
"55","VIn1","N","","",""
"55","VIn2","Y","","",""
"55","VJ1","Y","","",""
"55","VJ2","Y","","",""
"55","VJ3","N","","",""
"55","VJ4","Y","","",""
"55","VJ5","Y","","",""
"55","VJ6","Y","","",""
"55","VJ7","Y","","",""
"55","VJ8","Y","","",""
"15","AJ1","N","","",""
"15","AJ2","N","","",""
"15","AJ3","Y","Exit A1","A1 出口",""
"15","AJ4","Y","Exit A2 & D2","A2 和 D2 出口",""
"15","AJ5","N","","",""
"15","AJ6","N","","",""
"15","AJ7","N","","",""
"15","AJ8","Y","","",""
"15","AJ9","N","","",""
"15","HIn1","Y","","",""
"15","HJ1","Y","","",""
"15","HJ2","Y","","",""
"15","HJ3","Y","","",""
"15","HJ4","N","","",""
"15","HJ5","Y","","",""
"15","HJ6","N","","",""
"15","HJ7","N","","",""
"15","HJ8","N","","",""
"15","MJ1","Y","","",""
"15","MJ2","Y","","",""
"15","MJ3","Y","","",""
"15","MJ4","N","","",""
"15","MJ5","N","","",""
"15","MJ6","Y","","",""
"15","MJ7","N","","",""
"15","MJ8","N","","",""
"15","VIn1","Y","","",""
"15","VIn2","Y","","",""
"15","VJ1","Y","","",""
"15","VJ2","Y","","",""
"15","VJ3","N","","",""
"15","VJ4","Y","","",""
"15","VJ5","Y","","",""
"15","VJ6","Y","","",""
"15","VJ7","Y","","",""
"15","VJ8","Y","","",""
"52","AJ1","N","","",""
"52","AJ2","Y","Exit C","C 出口",""
"52","AJ3","Y","Exit A","A 出口",""
"52","AJ4","N","","",""
"52","AJ5","N","","",""
"52","AJ6","N","","",""
"52","AJ7","N","","",""
"52","AJ8","N","","",""
"52","AJ9","N","","",""
"52","HIn1","Y","","",""
"52","HJ1","Y","","",""
"52","HJ2","Y","","",""
"52","HJ3","Y","","",""
"52","HJ4","N","","",""
"52","HJ5","Y","","",""
"52","HJ6","N","","",""
"52","HJ7","N","","",""
"52","HJ8","N","","",""
"52","MJ1","Y","","",""
"52","MJ2","Y","","",""
"52","MJ3","Y","","",""
"52","MJ4","N","","",""
"52","MJ5","N","","",""
"52","MJ6","Y","","",""
"52","MJ7","N","","",""
"52","MJ8","N","","",""
"52","VIn1","Y","","",""
"52","VIn2","Y","","",""
"52","VJ1","Y","","",""
"52","VJ2","Y","","",""
"52","VJ3","N","","",""
"52","VJ4","Y","","",""
"52","VJ5","Y","","",""
"52","VJ6","Y","","",""
"52","VJ7","Y","","",""
"52","VJ8","Y","","",""
"12","AJ1","N","","",""
"12","AJ2","Y","Exits C2 & C4","C2 和 C4 出口",""
"12","AJ3","N","","",""
"12","AJ4","N","","",""
"12","AJ5","N","","",""
"12","AJ6","N","","",""
"12","AJ7","N","","",""
"12","AJ8","Y","","",""
"12","AJ9","N","","",""
"12","HIn1","Y","","",""
"12","HJ1","Y","","",""
"12","HJ2","Y","","",""
"12","HJ3","Y","","",""
"12","HJ4","N","","",""
"12","HJ5","Y","","",""
"12","HJ6","N","","",""
"12","HJ7","N","","",""
"12","HJ8","N","","",""
"12","MJ1","Y","","",""
"12","MJ2","Y","","",""
"12","MJ3","Y","","",""
"12","MJ4","N","","",""
"12","MJ5","N","","",""
"12","MJ6","Y","","",""
"12","MJ7","N","","",""
"12","MJ8","N","","",""
"12","VIn1","Y","","",""
"12","VIn2","Y","","",""
"12","VJ1","Y","","",""
"12","VJ2","Y","","",""
"12","VJ3","N","","",""
"12","VJ4","Y","","",""
"12","VJ5","Y","","",""
"12","VJ6","Y","","",""
"12","VJ7","Y","","",""
"12","VJ8","Y","","",""
"49","AJ1","Y","Exits A1, A2 & B","A1、A2 和 B 出口",""
"49","AJ2","N","","",""
"49","AJ3","N","","",""
"49","AJ4","N","","",""
"49","AJ5","N","","",""
"49","AJ6","N","","",""
"49","AJ7","N","","",""
"49","AJ8","Y","","",""
"49","AJ9","N","","",""
"49","HIn1","Y","","",""
"49","HJ1","Y","","",""
"49","HJ2","Y","","",""
"49","HJ3","Y","","",""
"49","HJ4","N","","",""
"49","HJ5","Y","","",""
"49","HJ6","N","","",""
"49","HJ7","N","","",""
"49","HJ8","N","","",""
"49","MJ1","Y","","",""
"49","MJ2","Y","","",""
"49","MJ3","Y","","",""
"49","MJ4","N","","",""
"49","MJ5","Y","","",""
"49","MJ6","N","","",""
"49","MJ7","N","","",""
"49","MJ8","N","","",""
"49","VIn1","Y","","",""
"49","VIn2","Y","","",""
"49","VJ1","Y","","",""
"49","VJ2","Y","","",""
"49","VJ3","N","","",""
"49","VJ4","Y","","",""
"49","VJ5","Y","","",""
"49","VJ6","Y","","",""
"49","VJ7","Y","","",""
"49","VJ8","Y","","",""
"9","AJ1","N","","",""
"9","AJ2","Y","Exits A & B","A 和 B 出口",""
"9","AJ3","N","","",""
"9","AJ4","N","","",""
"9","AJ5","N","","",""
"9","AJ6","N","","",""
"9","AJ7","N","","",""
"9","AJ8","Y","","",""
"9","AJ9","N","","",""
"9","HIn1","Y","","",""
"9","HJ1","Y","","",""
"9","HJ2","Y","","",""
"9","HJ3","Y","","",""
"9","HJ4","N","","",""
"9","HJ5","Y","","",""
"9","HJ6","N","","",""
"9","HJ7","N","","",""
"9","HJ8","N","","",""
"9","MJ1","Y","","",""
"9","MJ2","Y","","",""
"9","MJ3","Y","","",""
"9","MJ4","N","","",""
"9","MJ5","N","","",""
"9","MJ6","Y","","",""
"9","MJ7","N","","",""
"9","MJ8","N","","",""
"9","VIn1","Y","","",""
"9","VIn2","Y","","",""
"9","VJ1","Y","","",""
"9","VJ2","Y","","",""
"9","VJ3","N","","",""
"9","VJ4","Y","","",""
"9","VJ5","Y","","",""
"9","VJ6","Y","","",""
"9","VJ7","Y","","",""
"9","VJ8","Y","","",""
"6","AJ1","N","","",""
"6","AJ2","N","","",""
"6","AJ3","Y","Exit A1","A1 出口",""
"6","AJ4","N","","",""
"6","AJ5","N","","",""
"6","AJ6","N","","",""
"6","AJ7","N","","",""
"6","AJ8","Y","","",""
"6","AJ9","N","","",""
"6","HIn1","Y","","",""
"6","HJ1","Y","","",""
"6","HJ2","Y","","",""
"6","HJ3","Y","","",""
"6","HJ4","N","","",""
"6","HJ5","Y","","",""
"6","HJ6","N","","",""
"6","HJ7","N","","",""
"6","HJ8","N","","",""
"6","MJ1","Y","","",""
"6","MJ2","Y","","",""
"6","MJ3","Y","","",""
"6","MJ4","N","","",""
"6","MJ5","Y","","",""
"6","MJ6","N","","",""
"6","MJ7","N","","",""
"6","MJ8","N","","",""
"6","VIn1","Y","","",""
"6","VIn2","Y","","",""
"6","VJ1","Y","","",""
"6","VJ2","Y","","",""
"6","VJ3","N","","",""
"6","VJ4","Y","","",""
"6","VJ5","Y","","",""
"6","VJ6","Y","","",""
"6","VJ7","Y","","",""
"6","VJ8","Y","","",""
"43","AJ1","Y","Exit C","C 出口",""
"43","AJ2","Y","Exits A, B & D","A、B 和 D 出口",""
"43","AJ3","N","","",""
"43","AJ4","N","","",""
"43","AJ5","N","","",""
"43","AJ6","N","","",""
"43","AJ7","N","","",""
"43","AJ8","Y","","",""
"43","AJ9","N","","",""
"43","HIn1","Y","","",""
"43","HJ1","Y","","",""
"43","HJ2","Y","","",""
"43","HJ3","N","","",""
"43","HJ4","Y","","",""
"43","HJ5","N","","",""
"43","HJ6","N","","",""
"43","HJ7","N","","",""
"43","HJ8","N","","",""
"43","MJ1","Y","","",""
"43","MJ2","Y","","",""
"43","MJ3","Y","","",""
"43","MJ4","N","","",""
"43","MJ5","N","","",""
"43","MJ6","Y","","",""
"43","MJ7","N","","",""
"43","MJ8","N","","",""
"43","VIn1","N","","",""
"43","VIn2","Y","","",""
"43","VJ1","Y","","",""
"43","VJ2","Y","","",""
"43","VJ3","N","","",""
"43","VJ4","Y","","",""
"43","VJ5","Y","","",""
"43","VJ6","Y","","",""
"43","VJ7","Y","","",""
"43","VJ8","Y","","",""
"3","AJ1","N","","",""
"3","AJ2","N","","",""
"3","AJ3","Y","Exit A1","A1 出口",""
"3","AJ4","Y","Exits H & R","H 和 R 出口",""
"3","AJ5","N","","",""
"3","AJ6","N","","",""
"3","AJ7","N","","",""
"3","AJ8","Y","","",""
"3","AJ9","N","","",""
"3","HIn1","Y","","",""
"3","HJ1","Y","","",""
"3","HJ2","Y","","",""
"3","HJ3","Y","","",""
"3","HJ4","N","","",""
"3","HJ5","Y","","",""
"3","HJ6","N","","",""
"3","HJ7","N","","",""
"3","HJ8","N","","",""
"3","MJ1","Y","","",""
"3","MJ2","Y","","",""
"3","MJ3","Y","","",""
"3","MJ4","Y","","",""
"3","MJ5","N","","",""
"3","MJ6","N","","",""
"3","MJ7","N","","",""
"3","MJ8","N","","",""
"3","VIn1","Y","","",""
"3","VIn2","Y","","",""
"3","VJ1","Y","","",""
"3","VJ2","Y","","",""
"3","VJ3","Y","","",""
"3","VJ4","Y","","",""
"3","VJ5","Y","","",""
"3","VJ6","Y","","",""
"3","VJ7","Y","","",""
"3","VJ8","N","","",""
"120","AJ1","N","","",""
"120","AJ2","Y","Exits C1 & F1","C1 和 F1 出口",""
"120","AJ3","Y","Exits B, C1, C2 & F1","B 、 C1 、C2 和 F1 出口",""
"120","AJ4","N","","",""
"120","AJ5","N","","",""
"120","AJ6","N","","",""
"120","AJ7","N","","",""
"120","AJ8","Y","","",""
"120","AJ9","N","","",""
"120","HIn1","Y","","",""
"120","HJ1","Y","","",""
"120","HJ2","Y","","",""
"120","HJ3","N","","",""
"120","HJ4","Y","","",""
"120","HJ5","N","","",""
"120","HJ6","N","","",""
"120","HJ7","Y","","",""
"120","HJ8","N","","",""
"120","MJ1","Y","","",""
"120","MJ2","Y","","",""
"120","MJ3","Y","","",""
"120","MJ4","N","","",""
"120","MJ5","Y","","",""
"120","MJ6","N","","",""
"120","MJ7","N","","",""
"120","MJ8","N","","",""
"120","VIn1","Y","","",""
"120","VIn2","Y","","",""
"120","VJ1","Y","","",""
"120","VJ2","Y","","",""
"120","VJ3","N","","",""
"120","VJ4","Y","","",""
"120","VJ5","Y","","",""
"120","VJ6","Y","","",""
"120","VJ7","Y","","",""
"120","VJ8","Y","","",""
"80","AJ1","N","","",""
"80","AJ2","Y","Exit J","J 出口",""
"80","AJ3","Y","Exits K, L4, N1, P1, P2 & P3","K, L4, N1, P1, P2 和 P3 出口",""
"80","AJ4","Y","Exit N4","N4 出口",""
"80","AJ5","N","","",""
"80","AJ6","N","","",""
"80","AJ7","N","","",""
"80","AJ8","Y","","",""
"80","AJ9","N","","",""
"80","HIn1","Y","","",""
"80","HJ1","Y","","",""
"80","HJ2","Y","","",""
"80","HJ3","Y","","",""
"80","HJ4","Y","","",""
"80","HJ5","N","","",""
"80","HJ6","N","","",""
"80","HJ7","Y","","",""
"80","HJ8","N","","",""
"80","MJ1","Y","","",""
"80","MJ2","Y","","",""
"80","MJ3","Y","","",""
"80","MJ4","N","","",""
"80","MJ5","Y","","",""
"80","MJ6","N","","",""
"80","MJ7","N","","",""
"80","MJ8","N","","",""
"80","VIn1","Y","","",""
"80","VIn2","Y","","",""
"80","VJ1","Y","","",""
"80","VJ2","Y","","",""
"80","VJ3","N","","",""
"80","VJ4","Y","","",""
"80","VJ5","Y","","",""
"80","VJ6","Y","","",""
"80","VJ7","Y","","",""
"80","VJ8","Y","","",""
"40","AJ1","Y","Exit A & B, -ITCI drop-off","A & B, -ITCI drop-off 出口",""
"40","AJ2","N","","",""
"40","AJ3","Y","Exit C","C 出口",""
"40","AJ4","N","","",""
"40","AJ5","N","","",""
"40","AJ6","N","","",""
"40","AJ7","N","","",""
"40","AJ8","Y","","",""
"40","AJ9","N","","",""
"40","HIn1","Y","","",""
"40","HJ1","Y","","",""
"40","HJ2","Y","","",""
"40","HJ3","Y","","",""
"40","HJ4","N","","",""
"40","HJ5","N","","",""
"40","HJ6","Y","","",""
"40","HJ7","N","","",""
"40","HJ8","N","","",""
"40","MJ1","Y","","",""
"40","MJ2","Y","","",""
"40","MJ3","Y","","",""
"40","MJ4","Y","","",""
"40","MJ5","N","","",""
"40","MJ6","Y","","",""
"40","MJ7","N","","",""
"40","MJ8","N","","",""
"40","VIn1","Y","","",""
"40","VIn2","Y","","",""
"40","VJ1","Y","","",""
"40","VJ2","Y","","",""
"40","VJ3","N","","",""
"40","VJ4","Y","","",""
"40","VJ5","Y","","",""
"40","VJ6","Y","","",""
"40","VJ7","Y","","",""
"40","VJ8","Y","","",""
"81","AJ1","N","","",""
"81","AJ2","Y","Exits A1, B1, B2 & C","A1, B1, B2 和 C 出口",""
"81","AJ3","Y","Exits A1, B1, B2, B3 & C","A1, B1, B2, B3 和 C 出口",""
"81","AJ4","N","","",""
"81","AJ5","N","","",""
"81","AJ6","N","","",""
"81","AJ7","N","","",""
"81","AJ8","Y","","",""
"81","AJ9","N","","",""
"81","HIn1","Y","","",""
"81","HJ1","Y","","",""
"81","HJ2","Y","","",""
"81","HJ3","Y","","",""
"81","HJ4","N","","",""
"81","HJ5","Y","","",""
"81","HJ6","N","","",""
"81","HJ7","N","","",""
"81","HJ8","N","","",""
"81","MJ1","Y","","",""
"81","MJ2","Y","","",""
"81","MJ3","Y","","",""
"81","MJ4","N","","",""
"81","MJ5","Y","","",""
"81","MJ6","N","","",""
"81","MJ7","N","","",""
"81","MJ8","N","","",""
"81","VIn1","Y","","",""
"81","VIn2","Y","","",""
"81","VJ1","Y","","",""
"81","VJ2","Y","","",""
"81","VJ3","N","","",""
"81","VJ4","Y","","",""
"81","VJ5","Y","","",""
"81","VJ6","Y","","",""
"81","VJ7","Y","","",""
"81","VJ8","Y","","",""
"82","AJ1","N","","",""
"82","AJ2","Y","Exits A1, B2 & C1","A1, B2 和 C1 出口",""
"82","AJ3","Y","Exits A1, A2, B2 & C1","A1, A2, B2 和 C1 出口",""
"82","AJ4","N","","",""
"82","AJ5","N","","",""
"82","AJ6","N","","",""
"82","AJ7","N","","",""
"82","AJ8","Y","","",""
"82","AJ9","N","","",""
"82","HIn1","Y","","",""
"82","HJ1","Y","","",""
"82","HJ2","Y","","",""
"82","HJ3","Y","","",""
"82","HJ4","N","","",""
"82","HJ5","Y","","",""
"82","HJ6","N","","",""
"82","HJ7","N","","",""
"82","HJ8","N","","",""
"82","MJ1","Y","","",""
"82","MJ2","Y","","",""
"82","MJ3","Y","","",""
"82","MJ4","N","","",""
"82","MJ5","Y","","",""
"82","MJ6","N","","",""
"82","MJ7","N","","",""
"82","MJ8","N","","",""
"82","VIn1","Y","","",""
"82","VIn2","Y","","",""
"82","VJ1","Y","","",""
"82","VJ2","Y","","",""
"82","VJ3","N","","",""
"82","VJ4","Y","","",""
"82","VJ5","Y","","",""
"82","VJ6","Y","","",""
"82","VJ7","Y","","",""
"82","VJ8","Y","","",""
"83","AJ1","N","","",""
"83","AJ2","Y","Exits A & B","A 和 B 出口",""
"83","AJ3","Y","Exits A & B","A 和 B 出口",""
"83","AJ4","N","","",""
"83","AJ5","N","","",""
"83","AJ6","N","","",""
"83","AJ7","N","","",""
"83","AJ8","Y","","",""
"83","AJ9","N","","",""
"83","HIn1","Y","","",""
"83","HJ1","Y","","",""
"83","HJ2","Y","","",""
"83","HJ3","Y","","",""
"83","HJ4","N","","",""
"83","HJ5","Y","","",""
"83","HJ6","N","","",""
"83","HJ7","N","","",""
"83","HJ8","N","","",""
"83","MJ1","Y","","",""
"83","MJ2","Y","","",""
"83","MJ3","Y","","",""
"83","MJ4","Y","","",""
"83","MJ5","N","","",""
"83","MJ6","N","","",""
"83","MJ7","N","","",""
"83","MJ8","N","","",""
"83","VIn1","Y","","",""
"83","VIn2","Y","","",""
"83","VJ1","Y","","",""
"83","VJ2","Y","","",""
"83","VJ3","N","","",""
"83","VJ4","Y","","",""
"83","VJ5","Y","","",""
"83","VJ6","Y","","",""
"83","VJ7","Y","","",""
"83","VJ8","Y","","",""
"56","AJ1","Y","","",""
"56","AJ2","N","","",""
"56","AJ3","N","","",""
"56","AJ4","N","","",""
"56","AJ5","N","","",""
"56","AJ6","N","","",""
"56","AJ7","N","","",""
"56","AJ8","Y","","",""
"56","AJ9","N","","",""
"56","HIn1","Y","","",""
"56","HJ1","Y","","",""
"56","HJ2","Y","","",""
"56","HJ3","N","","",""
"56","HJ4","Y","","",""
"56","HJ5","N","","",""
"56","HJ6","Y","","",""
"56","HJ7","N","","",""
"56","HJ8","N","","",""
"56","MJ1","Y","","",""
"56","MJ2","Y","","",""
"56","MJ3","Y","","",""
"56","MJ4","N","","",""
"56","MJ5","N","","",""
"56","MJ6","Y","","",""
"56","MJ7","N","","",""
"56","MJ8","N","","",""
"56","VIn1","Y","","",""
"56","VIn2","Y","","",""
"56","VJ1","Y","","",""
"56","VJ2","Y","","",""
"56","VJ3","N","","",""
"56","VJ4","Y","","",""
"56","VJ5","Y","","",""
"56","VJ6","Y","","",""
"56","VJ7","Y","","",""
"56","VJ8","Y","","",""
"84","AJ1","N","","",""
"84","AJ2","Y","Exit A1, A2, A3 and B2","A1, A2, A3 及B2 出口",""
"84","AJ3","Y","Exit A1, A2, A3, B1 and B2","A1, A2, A3, B1 及B2 出口",""
"84","AJ4","N","","",""
"84","AJ5","N","","",""
"84","AJ6","N","","",""
"84","AJ7","N","","",""
"84","AJ8","Y","","",""
"84","AJ9","N","","",""
"84","HIn1","Y","","",""
"84","HJ1","Y","","",""
"84","HJ2","Y","","",""
"84","HJ3","Y","","",""
"84","HJ4","Y","","",""
"84","HJ5","N","","",""
"84","HJ6","Y","","",""
"84","HJ7","Y","","",""
"84","HJ8","N","","",""
"84","MJ1","Y","","",""
"84","MJ2","Y","","",""
"84","MJ3","Y","","",""
"84","MJ4","N","","",""
"84","MJ5","Y","","",""
"84","MJ6","N","","",""
"84","MJ7","N","","",""
"84","MJ8","N","","",""
"84","VIn1","Y","","",""
"84","VIn2","Y","","",""
"84","VJ1","Y","","",""
"84","VJ2","Y","","",""
"84","VJ3","Y","","",""
"84","VJ4","Y","","",""
"84","VJ5","Y","","",""
"84","VJ6","Y","","",""
"84","VJ7","Y","","",""
"84","VJ8","Y","","",""
"85","AJ1","N","","",""
"85","AJ2","Y","Exit A","A出口",""
"85","AJ3","Y","Exit A & Tak On Street","A出口及德安街",""
"85","AJ4","N","","",""
"85","AJ5","N","","",""
"85","AJ6","N","","",""
"85","AJ7","N","","",""
"85","AJ8","Y","","",""
"85","AJ9","N","","",""
"85","HIn1","Y","","",""
"85","HJ1","Y","","",""
"85","HJ2","Y","","",""
"85","HJ3","Y","","",""
"85","HJ4","N","","",""
"85","HJ5","Y","","",""
"85","HJ6","N","","",""
"85","HJ7","N","","",""
"85","HJ8","N","","",""
"85","MJ1","Y","","",""
"85","MJ2","Y","","",""
"85","MJ3","Y","","",""
"85","MJ4","N","","",""
"85","MJ5","Y","","",""
"85","MJ6","N","","",""
"85","MJ7","N","","",""
"85","MJ8","N","","",""
"85","VIn1","Y","","",""
"85","VIn2","Y","","",""
"85","VJ1","Y","","",""
"85","VJ2","Y","","",""
"85","VJ3","N","","",""
"85","VJ4","Y","","",""
"85","VJ5","Y","","",""
"85","VJ6","Y","","",""
"85","VJ7","Y","","",""
"85","VJ8","Y","","",""
"86","AJ1","Y","Exit B","B出口",""
"86","AJ2","N","","",""
"86","AJ3","Y","Exits A&C","A和C出口",""
"86","AJ4","N","","",""
"86","AJ5","N","","",""
"86","AJ6","N","","",""
"86","AJ7","N","","",""
"86","AJ8","Y","","",""
"86","AJ9","N","","",""
"86","HIn1","Y","","",""
"86","HJ1","Y","","",""
"86","HJ2","Y","","",""
"86","HJ3","Y","","",""
"86","HJ4","N","","",""
"86","HJ5","N","","",""
"86","HJ6","Y","","",""
"86","HJ7","N","","",""
"86","HJ8","N","","",""
"86","MJ1","Y","","",""
"86","MJ2","Y","","",""
"86","MJ3","Y","","",""
"86","MJ4","N","","",""
"86","MJ5","Y","","",""
"86","MJ6","N","","",""
"86","MJ7","N","","",""
"86","MJ8","N","","",""
"86","VIn1","Y","","",""
"86","VIn2","Y","","",""
"86","VJ1","Y","","",""
"86","VJ2","Y","","",""
"86","VJ3","N","","",""
"86","VJ4","Y","","",""
"86","VJ5","Y","","",""
"86","VJ6","N","","",""
"86","VJ7","Y","","",""
"86","VJ8","N","","",""
"87","AJ1","Y","Exit B","B出口",""
"87","AJ2","N","","",""
"87","AJ3","Y","Exit A2","A2出口",""
"87","AJ4","N","","",""
"87","AJ5","N","","",""
"87","AJ6","N","","",""
"87","AJ7","N","","",""
"87","AJ8","Y","","",""
"87","AJ9","N","","",""
"87","HIn1","Y","","",""
"87","HJ1","Y","","",""
"87","HJ2","Y","","",""
"87","HJ3","Y","","",""
"87","HJ4","N","","",""
"87","HJ5","N","","",""
"87","HJ6","Y","","",""
"87","HJ7","N","","",""
"87","HJ8","N","","",""
"87","MJ1","Y","","",""
"87","MJ2","Y","","",""
"87","MJ3","Y","","",""
"87","MJ4","N","","",""
"87","MJ5","Y","","",""
"87","MJ6","N","","",""
"87","MJ7","N","","",""
"87","MJ8","N","","",""
"87","VIn1","Y","","",""
"87","VIn2","Y","","",""
"87","VJ1","Y","","",""
"87","VJ2","Y","","",""
"87","VJ3","N","","",""
"87","VJ4","Y","","",""
"87","VJ5","Y","","",""
"87","VJ6","N","","",""
"87","VJ7","Y","","",""
"87","VJ8","N","","",""
"88","AJ1","N","","",""
"88","AJ2","Y","Exit A1","A1 出口",""
"88","AJ3","Y","Exit A2 & B","A2 和 B 出口",""
"88","AJ4","N","","",""
"88","AJ5","N","","",""
"88","AJ6","N","","",""
"88","AJ7","N","","",""
"88","AJ8","Y","","",""
"88","AJ9","N","","",""
"88","HIn1","Y","","",""
"88","HJ1","Y","","",""
"88","HJ2","Y","","",""
"88","HJ3","Y","","",""
"88","HJ4","N","","",""
"88","HJ5","N","","",""
"88","HJ6","Y","","",""
"88","HJ7","N","","",""
"88","HJ8","N","","",""
"88","MJ1","Y","","",""
"88","MJ2","Y","","",""
"88","MJ3","Y","","",""
"88","MJ4","N","","",""
"88","MJ5","Y","","",""
"88","MJ6","N","","",""
"88","MJ7","N","","",""
"88","MJ8","N","","",""
"88","VIn1","Y","","",""
"88","VIn2","Y","","",""
"88","VJ1","Y","","",""
"88","VJ2","Y","","",""
"88","VJ3","N","","",""
"88","VJ4","Y","","",""
"88","VJ5","Y","","",""
"88","VJ6","N","","",""
"88","VJ7","Y","","",""
"88","VJ8","N","","",""
"89","AJ1","N","","",""
"89","AJ2","N","","",""
"89","AJ3","Y","Exit C","C 出口",""
"89","AJ4","N","","",""
"89","AJ5","N","","",""
"89","AJ6","N","","",""
"89","AJ7","N","","",""
"89","AJ8","Y","","",""
"89","AJ9","N","","",""
"89","HIn1","Y","","",""
"89","HJ1","Y","","",""
"89","HJ2","Y","","",""
"89","HJ3","Y","","",""
"89","HJ4","N","","",""
"89","HJ5","N","","",""
"89","HJ6","Y","","",""
"89","HJ7","N","","",""
"89","HJ8","N","","",""
"89","MJ1","Y","","",""
"89","MJ2","Y","","",""
"89","MJ3","Y","","",""
"89","MJ4","N","","",""
"89","MJ5","Y","","",""
"89","MJ6","N","","",""
"89","MJ7","N","","",""
"89","MJ8","N","","",""
"89","VIn1","Y","","",""
"89","VIn2","Y","","",""
"89","VJ1","Y","","",""
"89","VJ2","Y","","",""
"89","VJ3","N","","",""
"89","VJ4","Y","","",""
"89","VJ5","Y","","",""
"89","VJ6","N","","",""
"89","VJ7","Y","","",""
"89","VJ8","N","","",""
"888","AJ1","N","","",""
"888","AJ2","N","","",""
"888","AJ3","N","","",""
"888","AJ4","N","","",""
"888","AJ5","N","","",""
"888","AJ6","N","","",""
"888","AJ7","N","","",""
"888","AJ8","N","","",""
"888","AJ9","N","","",""
"888","HIn1","N","","",""
"888","HJ1","N","","",""
"888","HJ2","N","","",""
"888","HJ3","N","","",""
"888","HJ4","N","","",""
"888","HJ5","N","","",""
"888","HJ6","N","","",""
"888","HJ7","N","","",""
"888","HJ8","N","","",""
"888","MJ1","N","","",""
"888","MJ2","N","","",""
"888","MJ3","N","","",""
"888","MJ4","N","","",""
"888","MJ5","N","","",""
"888","MJ6","N","","",""
"888","MJ7","N","","",""
"888","MJ8","N","","",""
"888","VIn1","N","","",""
"888","VIn2","N","","",""
"888","VJ1","N","","",""
"888","VJ2","N","","",""
"888","VJ3","N","","",""
"888","VJ4","N","","",""
"888","VJ5","N","","",""
"888","VJ6","N","","",""
"888","VJ7","N","","",""
"888","VJ8","N","","",""
"90","AJ1","Y","Exit A","A 出口",""
"90","AJ2","Y","Exit A","A 出口",""
"90","AJ3","N","","",""
"90","AJ4","N","","",""
"90","AJ5","N","","",""
"90","AJ6","N","","",""
"90","AJ7","N","","",""
"90","AJ8","Y","","",""
"90","AJ9","N","","",""
"90","HIn1","Y","","",""
"90","HJ1","Y","","",""
"90","HJ2","Y","","",""
"90","HJ3","N","","",""
"90","HJ4","Y","","",""
"90","HJ5","N","","",""
"90","HJ6","N","","",""
"90","HJ7","Y","","",""
"90","HJ8","N","","",""
"90","MJ1","Y","","",""
"90","MJ2","Y","","",""
"90","MJ3","Y","","",""
"90","MJ4","N","","",""
"90","MJ5","Y","","",""
"90","MJ6","N","","",""
"90","MJ7","N","","",""
"90","MJ8","N","","",""
"90","VIn1","Y","","",""
"90","VIn2","Y","","",""
"90","VJ1","Y","","",""
"90","VJ2","Y","","",""
"90","VJ3","N","","",""
"90","VJ4","Y","","",""
"90","VJ5","Y","","",""
"90","VJ6","Y","","",""
"90","VJ7","Y","","",""
"90","VJ8","Y","","",""
"91","AJ1","N","","",""
"91","AJ2","N","","",""
"91","AJ3","Y","Exit A & Exit D","A 及 D 出口",""
"91","AJ4","N","","",""
"91","AJ5","N","","",""
"91","AJ6","N","","",""
"91","AJ7","N","","",""
"91","AJ8","Y","","",""
"91","AJ9","N","","",""
"91","HIn1","Y","","",""
"91","HJ1","Y","","",""
"91","HJ2","Y","","",""
"91","HJ3","N","","",""
"91","HJ4","Y","","",""
"91","HJ5","N","","",""
"91","HJ6","N","","",""
"91","HJ7","Y","","",""
"91","HJ8","N","","",""
"91","MJ1","Y","","",""
"91","MJ2","Y","","",""
"91","MJ3","Y","","",""
"91","MJ4","N","","",""
"91","MJ5","Y","","",""
"91","MJ6","N","","",""
"91","MJ7","N","","",""
"91","MJ8","N","","",""
"91","VIn1","Y","","",""
"91","VIn2","Y","","",""
"91","VJ1","Y","","",""
"91","VJ2","Y","","",""
"91","VJ3","N","","",""
"91","VJ4","Y","","",""
"91","VJ5","Y","","",""
"91","VJ6","Y","","",""
"91","VJ7","Y","","",""
"91","VJ8","Y","","",""
"92","AJ1","N","","",""
"92","AJ2","Y","Exit A and B","A及B出口",""
"92","AJ3","Y","Exit A, B and D","A,B及D出口",""
"92","AJ4","Y","Exit B1","B1出口",""
"92","AJ5","N","","",""
"92","AJ6","N","","",""
"92","AJ7","N","","",""
"92","AJ8","Y","","",""
"92","AJ9","N","","",""
"92","HIn1","Y","","",""
"92","HJ1","Y","","",""
"92","HJ2","Y","","",""
"92","HJ3","N","","",""
"92","HJ4","Y","","",""
"92","HJ5","N","","",""
"92","HJ6","N","","",""
"92","HJ7","Y","","",""
"92","HJ8","N","","",""
"92","MJ1","Y","","",""
"92","MJ2","Y","","",""
"92","MJ3","Y","","",""
"92","MJ4","N","","",""
"92","MJ5","Y","","",""
"92","MJ6","N","","",""
"92","MJ7","N","","",""
"92","MJ8","N","","",""
"92","VIn1","Y","","",""
"92","VIn2","Y","","",""
"92","VJ1","Y","","",""
"92","VJ2","Y","","",""
"92","VJ3","N","","",""
"92","VJ4","Y","","",""
"92","VJ5","Y","","",""
"92","VJ6","Y","","",""
"92","VJ7","Y","","",""
"92","VJ8","Y","","",""
"93","AJ1","N","","",""
"93","AJ2","Y","Exit A, C & D","A,C及D出口",""
"93","AJ3","Y","Exit A, C & D","A,C及D出口",""
"93","AJ4","N","","",""
"93","AJ5","N","","",""
"93","AJ6","N","","",""
"93","AJ7","N","","",""
"93","AJ8","Y","","",""
"93","AJ9","N","","",""
"93","HIn1","Y","","",""
"93","HJ1","Y","","",""
"93","HJ2","Y","","",""
"93","HJ3","N","","",""
"93","HJ4","Y","","",""
"93","HJ5","N","","",""
"93","HJ6","N","","",""
"93","HJ7","Y","","",""
"93","HJ8","N","","",""
"93","MJ1","Y","","",""
"93","MJ2","Y","","",""
"93","MJ3","Y","","",""
"93","MJ4","N","","",""
"93","MJ5","Y","","",""
"93","MJ6","N","","",""
"93","MJ7","N","","",""
"93","MJ8","N","","",""
"93","VIn1","Y","","",""
"93","VIn2","Y","","",""
"93","VJ1","Y","","",""
"93","VJ2","Y","","",""
"93","VJ3","N","","",""
"93","VJ4","Y","","",""
"93","VJ5","Y","","",""
"93","VJ6","Y","","",""
"93","VJ7","Y","","",""
"93","VJ8","Y","","",""
"94","AJ1","N","","",""
"94","AJ2","Y","Exit A2, B1 & B2","A2, B1和B2出口",""
"94","AJ3","Y","Exit A1, A2, A3, B1, B2 & B3","A1, A2, A3, B1, B2和B3出口",""
"94","AJ4","N","","",""
"94","AJ5","N","","",""
"94","AJ6","N","","",""
"94","AJ7","N","","",""
"94","AJ8","Y","","",""
"94","AJ9","N","","",""
"94","HIn1","Y","","",""
"94","HJ1","Y","","",""
"94","HJ2","Y","","",""
"94","HJ3","N","","",""
"94","HJ4","Y","","",""
"94","HJ5","N","","",""
"94","HJ6","N","","",""
"94","HJ7","Y","","",""
"94","HJ8","N","","",""
"94","MJ1","Y","","",""
"94","MJ2","Y","","",""
"94","MJ3","Y","","",""
"94","MJ4","N","","",""
"94","MJ5","Y","","",""
"94","MJ6","N","","",""
"94","MJ7","N","","",""
"94","MJ8","N","","",""
"94","VIn1","Y","","",""
"94","VIn2","Y","","",""
"94","VJ1","Y","","",""
"94","VJ2","Y","","",""
"94","VJ3","N","","",""
"94","VJ4","Y","","",""
"94","VJ5","Y","","",""
"94","VJ6","Y","","",""
"94","VJ7","Y","","",""
"94","VJ8","Y","","",""
