ROUTE_ID,DIRECTION,STATION_SEQNO,STATION_ID,STATION_LATITUDE,STATION_LONGITUDE,STATION_NAME_CHI,STATION_NAME_ENG,REFERENCE_ID
K12,O,1,K12-U010,22.444414,114.169471,大埔墟站,Tai Po Market Station,K12
K12,O,2,K12-U020,22.450971,114.169957,大埔超級城,Tai Po Mega Mall,K12
K12,O,3,K12-U030,22.452836,114.166496,八號花園,Eightland Garden,K12
K12,I,1,K12-D010,22.452836,114.166496,八號花園,Eightland Garden,K12
K12,I,2,K12-D020,22.451278,114.170087,大埔超級城,Tai Po Mega Mall,K12
K12,I,3,K12-D030,22.443712,114.16991,新達廣場,Uptown Plaza,K12
K12,I,4,K12-D040,22.444414,114.169471,大埔墟站,Tai Po Market Station,K12
K14,O,1,K14-D010,22.451278,114.170087,大埔超級城,Tai Po Mega Mall,K14
K14,O,2,K14-D020,22.443712,114.16991,新達廣場,Uptown Plaza,K14
K14,O,3,K14-D030,22.444414,114.169471,大埔墟站,Tai Po Market Station,K14
K17,O,1,K17-U010,22.444414,114.169471,大埔墟站,Tai Po Market Station,K17
K17,O,2,K17-U020,22.453021,114.172331,大埔中心第五期,Tai Po Centre Phase 5,K17
K17,O,3,K17-U030,22.454538,114.174428,怡雅苑,Yee Nga Court,K17
K17,O,4,K17-U040,22.454322,114.174098,富善,Fu Shin,K17
K17,I,1,K17-D010,22.454322,114.174098,富善,Fu Shin,K17
K17,I,2,K17-D020,22.443712,114.16991,新達廣場,Uptown Plaza,K17
K17,I,3,K17-D030,22.444414,114.169471,大埔墟站,Tai Po Market Station,K17
K18,O,1,K18-U010,22.444414,114.169471,大埔墟站,Tai Po Market Station,K18
K18,O,2,K18-U020,22.447531,114.17473,宏福苑,Wang Fuk Court,K18
K18,O,3,K18-U030,22.4487,114.174398,廣福,Kwong Fuk,K18
K18,I,1,K18-D010,22.4487,114.174398,廣福,Kwong Fuk,K18
K18,I,2,K18-D020,22.443712,114.16991,新達廣場,Uptown Plaza,K18
K18,I,3,K18-D030,22.444414,114.169471,大埔墟站,Tai Po Market Station,K18
506,O,1,506-U010,22.37259,113.96699,屯門碼頭,Tuen Mun Ferry Pier,506
506,O,2,506-U020,22.375834,113.960628,美樂花園,Melody Garden,506
506,O,3,506-U030,22.378364,113.961965,輕鐵蝴蝶站,LR Butterfly Stop,506
506,O,4,506-U040,22.382203,113.96359,輕鐵車廠站,Light Rail Depot Stop,506
506,O,5,506-U050,22.385399,113.965222,輕鐵龍門站,LR Lung Mun Stop,506
506,O,6,506-U060,22.393627,113.96752,輕鐵青雲站,LR Tsing Wun Stop,506
506,O,7,506-U070,22.395064,113.969953,輕鐵建安站,LR Kin On Stop,506
506,O,8,506-U080,22.394117,113.973992,港鐵屯門站,MTR Tuen Mun Station,506
506,O,9,506-U090,22.391352,113.975474,屯門市中心,Tuen Mun Town Centre,506
506,O,10,506-U100,22.387312,113.975341,安定邨,On Ting Estate,506
506,O,11,506-U110,22.382916,113.976276,輕鐵三聖站,LR Sam Shing Stop,506
506,O,12,506-U120,22.38551,113.9767,兆麟,Siu Lun,506
506,I,1,506-D010,22.38551,113.9767,兆麟,Siu Lun,506
506,I,2,506-D020,22.387783,113.975189,友愛邨,Yau Oi Estate,506
506,I,3,506-D030,22.392125,113.975128,輕鐵市中心站,LR Town Centre Stop,506
506,I,4,506-D040,22.393937,113.973896,輕鐵屯門站,LR Tuen Mun Stop,506
506,I,5,506-D050,22.394687,113.970746,輕鐵建安站,LR Kin On Stop,506
506,I,6,506-D060,22.393382,113.967707,輕鐵青雲站,LR Tsing Wun Stop,506
506,I,7,506-D070,22.391722,113.967726,聖彼得堂,SKH St. Peter's Church,506
506,I,8,506-D080,22.383618,113.964478,富健花園,Glorious Garden,506
506,I,9,506-D090,22.382269,113.963833,新屯門中心,Sun Tuen Mun Centre,506
506,I,10,506-D100,22.377547,113.961481,輕鐵蝴蝶站,LR Butterfly Stop,506
506,I,11,506-D110,22.374219,113.962106,蝴蝶邨蝶心樓,"Tip Sum House, Butterfly Estate",506
506,I,12,506-D120,22.373549,113.964341,湖景邨湖碧樓,"Wu Pik House, Wu King Estate",506
506,I,13,506-D130,22.373192,113.966053,海翠花園,Pierhead Garden,506
506,I,14,506-D140,22.37259,113.96699,屯門碼頭,Tuen Mun Ferry Pier,506
506,O,1,506-U045,22.384408,113.965174,富健花園,Glorious Garden,506-1
506,O,2,506-U050,22.385399,113.965222,輕鐵龍門站,LR Lung Mun Stop,506-1
506,O,3,506-U060,22.393627,113.96752,輕鐵青雲站,LR Tsing Wun Stop,506-1
506,O,4,506-U070,22.395064,113.969953,輕鐵建安站,LR Kin On Stop,506-1
506,O,5,506-U075,22.394225,113.973358,屯門站 ,Tuen Mun Station ,506-1
K51,O,1,K51-U010,22.413286,113.982895,富泰,Fu Tai,K51
K51,O,2,K51-U020,22.412025,113.983771,聚康山莊,Beneville,K51
K51,O,3,K51-U030,22.41059,113.982387,嶺南大學,Lingnan University,K51
K51,O,4,K51-U040,22.408575,113.980046,彩暉花園,Brilliant Garden,K51
K51,O,5,K51-U050,22.410247,113.978583,港鐵兆康站 (南) (輕鐵兆康站),MTR Siu Hong Station (South) (LR Siu Hong Stop),K51
K51,O,6,K51-U060,22.40205,113.9776,井財街,Tseng Choi Street,K51
K51,O,7,K51-U070,22.39834,113.9752,雅都商場,ACME Shopping Arcade,K51
K51,O,8,K51-U080,22.39494,113.9746,德政圍 (港鐵屯門站),Tak Ching Court (MTR Tuen Mun Station),K51
K51,O,9,K51-U090,22.39153,113.9755,屯門市中心 (輕鐵市中心站),Tuen Mun Town Centre (LR Town Centre Stop),K51
K51,O,10,K51-U100,22.3906,113.9788,屯門官立中學,Tuen Mun Government Secondary School,K51
K51,O,11,K51-U110,22.38771,113.9807,恒順園,Handsome Court,K51
K51,O,12,K51-U120,22.38519,113.981,恒豐園,Harvest Garden,K51
K51,O,13,K51-U130,22.381748,113.978862,三聖邨,Sam Shing Estate,K51
K51,O,14,K51-U140,22.378898,113.980751,青山灣,Castle Peak Beach,K51
K51,O,15,K51-U150,22.377938,113.983475,海景花園,Seaview Garden,K51
K51,O,16,K51-U160,22.374926,113.986745,咖啡灣,Cafeteria Beach,K51
K51,O,17,K51-U170,22.373784,113.990756,黃金泳灘,Golden Beach,K51
K51,O,18,K51-U180,22.372025,113.993574,香港黃金海岸,Hong Kong Gold Coast,K51
K51,O,19,K51-U190,22.36945,113.9954,嘉禾里村,Kar Wo Lei Tsuen,K51
K51,O,20,K51-U200,22.36817,113.9991,小秀村,Siu Sau Tsuen,K51
K51,O,21,K51-U210,22.36627,114.0033,愛琴灣,The Aegean,K51
K51,O,22,K51-U220,22.36638,114.0063,小欖新村,Siu Lam San Tsuen,K51
K51,O,23,K51-U230,22.3663,114.0113,小欖村,Siu Lam Tsuen,K51
K51,O,24,K51-U240,22.36497,114.0133,小欖澄麗路,Ching Lai Road Siu Lam,K51
K51,O,25,K51-U250,22.362495,114.019113,大欖,Tai Lam,K51
K51,I,1,K51-D010,22.362495,114.019113,大欖,Tai Lam,K51
K51,I,2,K51-D020,22.364165,114.014994,小欖,Siu Lam,K51
K51,I,3,K51-D030,22.365696,114.01244,小欖澄麗路,Ching Lai Road Siu Lam,K51
K51,I,4,K51-D040,22.366338,114.00949,小欖村,Siu Lam Tsuen,K51
K51,I,5,K51-D050,22.366102,114.005524,小欖新村,Siu Lam San Tsuen,K51
K51,I,6,K51-D060,22.366573,114.001616,愛琴灣,The Aegean,K51
K51,I,7,K51-D070,22.368003,113.999085,小秀上村,Siu Sau Sheung Tsuen,K51
K51,I,8,K51-D080,22.368035,113.996264,龍珠島,Pearl Island,K51
K51,I,9,K51-D090,22.371285,113.993882,香港黃金海岸,Hong Kong Gold Coast,K51
K51,I,10,K51-D100,22.373628,113.991213,黃金泳灘,Golden Beach,K51
K51,I,11,K51-D110,22.3759,113.985635,咖啡灣,Cafeteria Beach,K51
K51,I,12,K51-D120,22.377927,113.983242,碧翠花園,Bayview Terrace,K51
K51,I,13,K51-D130,22.378957,113.980602,青山灣碼頭,Castle Peak Bay Pier,K51
K51,I,14,K51-D140,22.381214,113.979092,三聖邨,Sam Shing Estate,K51
K51,I,15,K51-D150,22.382064,113.977151,恆福花園 (輕鐵三聖站),Hanford Garden (LR Sam Shing Stop),K51
K51,I,16,K51-D160,22.383774,113.97939,胡陳金枝中學,Mrs Aw Boon Haw Secondary School,K51
K51,I,17,K51-D170,22.384602,113.980638,青善遊樂場,Tsing Sin Playground,K51
K51,I,18,K51-D180,22.387355,113.98069,置樂花園,Chi Lok Fa Yuen,K51
K51,I,19,K51-D190,22.390433,113.978805,屯門官立中學,Tuen Mun Government Secondary School,K51
K51,I,20,K51-D200,22.392116,113.975082,輕鐵市中心站,LR Town Centre Stop,K51
K51,I,21,K51-D210,22.395021,113.974444,港鐵屯門站 (輕鐵屯門站),MTR Tuen Mun Station (LR Tuen Mun Stop),K51
K51,I,22,K51-D220,22.397311,113.974853,聖公會聖西門呂明才中學,SKH St. Simon's Lui Ming Choi Secondary School,K51
K51,I,23,K51-D230,22.40334,113.979247,景峰花園,Prime View Garden,K51
K51,I,24,K51-D240,22.407254,113.978641,輕鐵鳳地站,LR Fung Tei Stop,K51
K51,I,25,K51-D250,22.410378,113.978607,港鐵兆康站 (南) (輕鐵兆康站),MTR Siu Hong Station (South) (LR Siu Hong Stop),K51
K51,I,26,K51-D260,22.408779,113.980397,彩暉花園,Brilliant Garden,K51
K51,I,27,K51-D270,22.410694,113.982212,嶺南大學,Lingnan University,K51
K51,I,28,K51-D280,22.411927,113.983128,倚嶺南庭,South Hillcrest,K51
K51,I,29,K51-D290,22.413286,113.982895,富泰,Fu Tai,K51
K51A,O,1,K51A-U010,22.413286,113.982895,富泰,Fu Tai,K51A
K51A,O,2,K51A-U020,22.412025,113.983771,聚康山莊,Beneville,K51A
K51A,O,3,K51A-U030,22.41059,113.982387,嶺南大學,Lingnan University,K51A
K51A,O,4,K51A-U040,22.408575,113.980046,彩暉花園,Brilliant Garden,K51A
K51A,O,5,K51A-U050,22.410247,113.978583,港鐵兆康站 (南) (輕鐵兆康站),MTR Siu Hong Station (South) (LR Siu Hong Stop),K51A
K51A,O,6,K51A-U060,22.40205,113.9776,井財街,Tseng Choi Street,K51A
K51A,O,7,K51A-U070,22.39834,113.9752,雅都商場,ACME Shopping Arcade,K51A
K51A,O,8,K51A-U080,22.39494,113.9746,德政圍 (港鐵屯門站),Tak Ching Court (MTR Tuen Mun Station),K51A
K51A,O,9,K51A-U090,22.39153,113.9755,屯門市中心 (輕鐵市中心站),Tuen Mun Town Centre (LR Town Centre Stop),K51A
K51A,O,10,K51A-U100,22.3906,113.9788,屯門官立中學,Tuen Mun Government Secondary School,K51A
K51A,O,11,K51A-U110,22.38771,113.9807,恒順園,Handsome Court,K51A
K51A,O,12,K51A-U120,22.38519,113.981,恒豐園,Harvest Garden,K51A
K51A,O,13,K51A-U130,22.381748,113.978862,三聖邨,Sam Shing Estate,K51A
K51A,O,14,K51A-U140,22.378898,113.980751,青山灣,Castle Peak Beach,K51A
K51A,O,15,K51A-U150,22.377938,113.983475,海景花園,Seaview Garden,K51A
K51A,O,16,K51A-U160,22.374926,113.986745,咖啡灣,Cafeteria Beach,K51A
K51A,O,17,K51A-U170,22.373784,113.990756,黃金泳灘,Golden Beach,K51A
K51A,O,18,K51A-U180,22.372025,113.993574,香港黃金海岸,Hong Kong Gold Coast,K51A
K51A,O,19,K51A-U190,22.371605,113.9954,愛琴海岸,Aegean Coast,K51A
K51A,O,20,K51A-U200,22.373878,113.996144,掃管笏變電站,So Kwun Wat Sub-station,K51A
K51A,O,21,K51A-U210,22.375743,113.999829,掃管笏村,So Kwun Wat Tsuen,K51A
K51A,O,22,K51A-U220,22.372023,114.003593,掃管笏 (鄭任安夫人千禧小學),So Kwun Wat (Mrs. Cheng Yam On Millennium School),K51A
K51A,O,23,K51A-U230,22.374216,114.002295,掃管笏路,So Kwun Wat Road,K51A
K51A,O,24,K51A-U240,22.373699,113.999513,管翠路8號,8 Kwun Chui Road,K51A
K51A,O,25,K51A-U250,22.375743,113.999829,掃管笏村,So Kwun Wat Tsuen,K51A
K51A,I,1,K51A-D010,22.375743,113.999829,掃管笏村,So Kwun Wat Tsuen,K51A
K51A,I,2,K51A-D020,22.372023,114.003593,掃管笏 (鄭任安夫人千禧小學),So Kwun Wat (Mrs. Cheng Yam On Millennium School),K51A
K51A,I,3,K51A-D030,22.374216,114.002295,掃管笏路,So Kwun Wat Road,K51A
K51A,I,4,K51A-D040,22.373699,113.999513,管翠路8號,8 Kwun Chui Road,K51A
K51A,I,5,K51A-D050,22.375123,113.997707,管翠路,Kwun Chui Road,K51A
K51A,I,6,K51A-D060,22.371473,113.995381,愛琴海岸,Aegean Coast,K51A
K51A,I,7,K51A-D070,22.371294,113.993906,香港黃金海岸,Hong Kong Gold Coast,K51A
K51A,I,8,K51A-D080,22.373628,113.991213,黃金泳灘,Golden Beach,K51A
K51A,I,9,K51A-D090,22.3759,113.985635,咖啡灣,Cafeteria Beach,K51A
K51A,I,10,K51A-D100,22.377927,113.983242,碧翠花園,Bayview Terrace,K51A
K51A,I,11,K51A-D110,22.378957,113.980602,青山灣碼頭,Castle Peak Bay Pier,K51A
K51A,I,12,K51A-D120,22.381214,113.979092,三聖邨,Sam Shing Estate,K51A
K51A,I,13,K51A-D140,22.383774,113.97939,胡陳金枝中學,Mrs Aw Boon Haw Secondary School,K51A
K51A,I,14,K51A-D150,22.384602,113.980638,青善遊樂場,Tsing Sin Playground,K51A
K51A,I,15,K51A-D160,22.387355,113.98069,置樂花園,Chi Lok Fa Yuen,K51A
K51A,I,16,K51A-D170,22.390433,113.978805,屯門官立中學,Tuen Mun Government Secondary School,K51A
K51A,I,17,K51A-D180,22.392116,113.975082,輕鐵市中心站,LR Town Centre Stop,K51A
K51A,I,18,K51A-D190,22.395021,113.974444,港鐵屯門站 (輕鐵屯門站),MTR Tuen Mun Station (LR Tuen Mun Stop),K51A
K51A,I,19,K51A-D200,22.397311,113.974853,聖公會聖西門呂明才中學,SKH St. Simon's Lui Ming Choi Secondary School,K51A
K51A,I,20,K51A-D210,22.40334,113.979247,景峰花園,Prime View Garden,K51A
K51A,I,21,K51A-D220,22.407254,113.978641,輕鐵鳳地站,LR Fung Tei Stop,K51A
K51A,I,22,K51A-D230,22.410378,113.978607,港鐵兆康站 (南) (輕鐵兆康站),MTR Siu Hong Station (South) (LR Siu Hong Stop),K51A
K51A,I,23,K51A-D240,22.408779,113.980397,彩暉花園,Brilliant Garden,K51A
K51A,I,24,K51A-D250,22.410694,113.982212,嶺南大學,Lingnan University,K51A
K51A,I,25,K51A-D260,22.411927,113.983128,倚嶺南庭,South Hillcrest,K51A
K51A,I,26,K51A-D270,22.413286,113.982895,富泰,Fu Tai,K51A
K51,O,1,K51-U010,22.413286,113.982895,富泰,Fu Tai,K51-1
K51,O,2,K51-U020,22.412025,113.983771,聚康山莊,Beneville,K51-1
K51,O,3,K51-U030,22.41059,113.982387,嶺南大學,Lingnan University,K51-1
K51,O,4,K51-U040,22.408575,113.980046,彩暉花園,Brilliant Garden,K51-1
K51,O,5,K51-U050,22.410247,113.978583,港鐵兆康站 (南),MTR Siu Hong Station (South),K51-1
K51,O,1,K51-D250,22.410378,113.978607,港鐵兆康站 (南) ,MTR Siu Hong Station (South) ,K51-2
K51,O,2,K51-D260,22.408779,113.980397,彩暉花園,Brilliant Garden,K51-2
K51,O,3,K51-D270,22.410694,113.982212,嶺南大學,Lingnan University,K51-2
K51,O,4,K51-D280,22.411927,113.983128,倚嶺南庭,South Hillcrest,K51-2
K51,O,5,K51-D290,22.413286,113.982895,富泰,Fu Tai,K51-2
K52,O,1,K52-nU010,22.375261,113.968532,悅湖山莊,Yuet Wu Villa,K52
K52,O,2,K52-nU020,22.372808,113.970095,邁亞美海灣,Miami Beach Towers,K52
K52,O,3,K52-nU030,22.372801,113.967391,屯門碼頭,Tuen Mun Ferry Pier,K52
K52,O,4,K52-nU040,22.374496,113.965605,湖景邨湖畔樓,"Wu Boon House, Wu King Estate",K52
K52,O,5,K52-nU050,22.376739,113.966289,湖景邨湖翠樓,"Wu Tsui House, Wu King Estate",K52
K52,O,6,K52-nU060,22.381216,113.972293,屯門中央廣場,Tuen Mun Central Square,K52
K52,O,7,K52-nU070,22.382943,113.976283,輕鐵三聖站,LR Sam Shing Stop,K52
K52,O,8,K52-nU080,22.383774,113.97939,胡陳金枝中學,Mrs Aw Boon Haw Secondary School,K52
K52,O,9,K52-nU090,22.38457,113.98065,青善遊樂場,Tsing Sin Playground,K52
K52,O,10,K52-nU100,22.387385,113.980666,置樂花園,Chi Lok Fa Yuen,K52
K52,O,11,K52-nU110,22.390462,113.97885,屯門官立中學,Tuen Mun Government Secondary School,K52
K52,O,12,K52-nU120,22.392116,113.975082,輕鐵市中心站,LR Town Centre Stop,K52
K52,O,13,K52-nU140,22.393937,113.973896,輕鐵屯門站 (港鐵屯門站),LR Tuen Mun Stop (MTR Tuen Mun Station),K52
K52,O,14,K52-nU150,22.394687,113.970746,輕鐵建安站,LR Kin On Stop,K52
K52,O,15,K52-nU160,22.393382,113.967707,輕鐵青雲站,LR Tsing Wun Stop,K52
K52,O,16,K52-nU170,22.391722,113.967726,聖彼得堂,SKH St. Peter's Church,K52
K52,O,17,K52-nU180,22.383618,113.964478,富健花園,Glorious Garden,K52
K52,O,18,K52-nU190,22.382269,113.963833,新屯門中心,Sun Tuen Mun Centre,K52
K52,O,19,K52-nU200,22.377549,113.961472,輕鐵蝴蝶站,LR Butterfly Stop,K52
K52,O,20,K52-nU210,22.375483,113.959318,屯門公眾騎術學校,Tuen Mun Public Riding School,K52
K52,O,21,K52-nU220,22.37319,113.95473,蝴蝶灣公園,Butterfly Beach Park,K52
K52,O,22,K52-nU230,22.368528,113.948898,望后石,Pillar Point,K52
K52,O,23,K52-nU240,22.366727,113.94371,政府車場,Government Depot,K52
K52,O,24,K52-nU250,22.36857,113.93822,內河碼頭,River Trade Terminal,K52
K52,O,25,K52-nU260,22.36999,113.93403,環保園,EcoPark,K52
K52,O,26,K52-nU270,22.36995,113.92874,紹榮鋼鐵,Shiu Wing Steel Mill,K52
K52,O,27,K52-nU280,22.386382,113.921122,沙埔崗312號,No.312 Sha Po Kong,K52
K52,O,28,K52-nU290,22.388034,113.920786,沙埔崗177號,No.177 Sha Po Kong,K52
K52,O,29,K52-nU300,22.389307,113.920224,沙埔崗127號,No.127 Sha Po Kong,K52
K52,O,30,K52-nU310,22.390617,113.920146,龍鼓灘,Lung Kwu Tan,K52
K52,I,1,K52-nD010,22.390617,113.920146,龍鼓灘,Lung Kwu Tan,K52
K52,I,2,K52-nD020,22.389103,113.920301,沙埔崗127號,No.127 Sha Po Kong,K52
K52,I,3,K52-nD030,22.388058,113.920786,沙埔崗177號,No.177 Sha Po Kong,K52
K52,I,4,K52-nD040,22.386623,113.921158,沙埔崗288號,No.288 Sha Po Kong,K52
K52,I,5,K52-nD050,22.385511,113.921257,沙埔崗351號,No.351 Sha Po Kong,K52
K52,I,6,K52-nD060,22.38252,113.92102,中電 A廠,CLP (Plant A),K52
K52,I,7,K52-nD070,22.37012,113.92898,紹榮鋼鐵,Shiu Wing Steel Mill,K52
K52,I,8,K52-nD080,22.37001,113.93439,環保園,EcoPark,K52
K52,I,9,K52-nD090,22.36855,113.938063,內河碼頭,River Trade Terminal,K52
K52,I,10,K52-nD100,22.366875,113.944272,政府車場,Government Depot,K52
K52,I,11,K52-nD110,22.368667,113.948837,望后石,Pillar Point,K52
K52,I,12,K52-nD120,22.3729,113.954631,蝴蝶灣公園,Butterfly Beach Park,K52
K52,I,13,K52-nD130,22.375258,113.958583,屯門公眾騎術學校,Tuen Mun Public Riding School,K52
K52,I,14,K52-nD140,22.378359,113.961955,輕鐵蝴蝶站,LR Butterfly Stop,K52
K52,I,15,K52-nD150,22.382203,113.96359,輕鐵車廠站,Light Rail Depot Stop,K52
K52,I,16,K52-nD160,22.385399,113.965222,輕鐵龍門站,LR Lung Mun Stop,K52
K52,I,17,K52-nD170,22.393627,113.96752,輕鐵青雲站,LR Tsing Wun Stop,K52
K52,I,18,K52-nD180,22.395064,113.969953,輕鐵建安站,LR Kin On Stop,K52
K52,I,19,K52-nD190,22.394117,113.973992,屯門站,Tuen Mun Station,K52
K52,I,20,K52-nD200,22.391543,113.975435,屯門市中心,Tuen Mun Town Centre,K52
K52,I,21,K52-nD210,22.3906,113.9788,屯門官立中學,Tuen Mun Government Secondary School,K52
K52,I,22,K52-nD220,22.38771,113.9807,恒順園,Handsome Court,K52
K52,I,23,K52-nD230,22.38519,113.981,恒豐園,Harvest Garden,K52
K52,I,24,K52-nD240,22.382769,113.976256,輕鐵三聖站,LR Sam Shing Stop,K52
K52,I,25,K52-nD250,22.380902,113.972021,屯門中央廣場,Tuen Mun Central Square,K52
K52,I,26,K52-nD260,22.37652,113.966372,湖景邨湖翠樓,"Wu Tsui House, Wu King Estate",K52
K52,I,27,K52-nD270,22.374598,113.965833,兆禧苑,Siu Hei Court,K52
K52,I,28,K52-nD280,22.373244,113.965958,海翠花園,Pierhead Garden,K52
K52,I,29,K52-nD290,22.372843,113.969696,邁亞美海灣,Miami Beach Towers,K52
K52,I,30,K52-nD300,22.375257,113.968481,悅湖山莊,Yuet Wu Villa,K52
K52,O,1,K52-nU140,22.393937,113.973896,輕鐵屯門站,LR Tuen Mun Stop,K52-1
K52,O,2,K52-nU150,22.394687,113.970746,輕鐵建安站,LR Kin On Stop,K52-1
K52,O,3,K52-nU160,22.393382,113.967707,輕鐵青雲站,LR Tsing Wun Stop,K52-1
K52,O,4,K52-nU170,22.391722,113.967726,聖彼得堂,SKH St. Peter's Church,K52-1
K52,O,5,K52-nU180,22.383618,113.964478,富健花園,Glorious Garden,K52-1
K52,O,6,K52-nU190,22.382269,113.963833,新屯門中心,Sun Tuen Mun Centre,K52-1
K52,O,7,K52-nU200,22.377549,113.961472,輕鐵蝴蝶站,LR Butterfly Stop,K52-1
K52,O,8,K52-nU210,22.375483,113.959318,屯門公眾騎術學校,Tuen Mun Public Riding School,K52-1
K52,O,9,K52-nU220,22.37319,113.95473,蝴蝶灣公園,Butterfly Beach Park,K52-1
K52,O,10,K52-nU230,22.368528,113.948898,望后石,Pillar Point,K52-1
K52,O,11,K52-nU240,22.366727,113.94371,政府車場,Government Depot,K52-1
K52,O,12,K52-nU250,22.36857,113.93822,內河碼頭,River Trade Terminal,K52-1
K52,O,13,K52-nU260,22.36999,113.93403,環保園,EcoPark,K52-1
K52,O,14,K52-nU270,22.36995,113.92874,紹榮鋼鐵,Shiu Wing Steel Mill,K52-1
K52,O,15,K52-nU280,22.386382,113.921122,沙埔崗312號,No.312 Sha Po Kong,K52-1
K52,O,16,K52-nU290,22.388034,113.920786,沙埔崗177號,No.177 Sha Po Kong,K52-1
K52,O,17,K52-nU300,22.389307,113.920224,沙埔崗127號,No.127 Sha Po Kong,K52-1
K52,O,18,K52-nU310,22.390617,113.920146,龍鼓灘,Lung Kwu Tan,K52-1
K52P,O,1,K52P-D010,22.390617,113.920146,龍鼓灘,Lung Kwu Tan,K52P
K52P,O,2,K52P-D020,22.389103,113.920301,沙埔崗127號,No.127 Sha Po Kong,K52P
K52P,O,3,K52P-D030,22.388058,113.920786,沙埔崗177號,No.177 Sha Po Kong,K52P
K52P,O,4,K52P-D040,22.386623,113.921158,沙埔崗288號,No.288 Sha Po Kong,K52P
K52P,O,5,K52P-D050,22.385511,113.921257,沙埔崗351號,No.351 Sha Po Kong,K52P
K52P,O,6,K52P-D060,22.38252,113.92102,中電 A廠,CLP (Plant A),K52P
K52P,O,7,K52P-D070,22.37012,113.92898,紹榮鋼鐵,Shiu Wing Steel Mill,K52P
K52P,O,8,K52P-D080,22.37001,113.93439,環保園,EcoPark,K52P
K52P,O,9,K52P-D090,22.36855,113.938063,內河碼頭,River Trade Terminal,K52P
K52P,O,10,K52P-D100,22.366875,113.944272,政府車場,Government Depot,K52P
K52P,O,11,K52P-D110,22.368667,113.948837,望后石,Pillar Point,K52P
K52P,O,12,K52P-D120,22.3729,113.954631,蝴蝶灣公園,Butterfly Beach Park,K52P
K52P,O,13,K52P-D130,22.375258,113.958583,屯門公眾騎術學校,Tuen Mun Public Riding School,K52P
K52P,O,14,K52P-D140,22.378359,113.961955,輕鐵蝴蝶站,LR Butterfly Stop,K52P
K52P,O,15,K52P-D150,22.375261,113.968532,悅湖山莊,Yuet Wu Villa,K52P
K52P,O,16,K52P-D160,22.372808,113.970095,邁亞美海灣,Miami Beach Towers,K52P
K52P,O,17,K52P-D170,22.372801,113.967391,屯門碼頭,Tuen Mun Ferry Pier,K52P
K52P,O,18,K52P-D180,22.374496,113.965605,湖景邨湖畔樓,"Wu Boon House, Wu King Estate",K52P
K52P,O,19,K52P-D190,22.376739,113.966289,湖景邨湖翠樓,"Wu Tsui House, Wu King Estate",K52P
K52P,O,20,K52P-D200,22.378585,113.963758,兆山苑,Siu Shan Court,K52P
K52P,O,21,K52P-D210,22.382203,113.96359,輕鐵車廠站,Light Rail Depot Stop,K52P
K52P,O,22,K52P-D220,22.385399,113.965222,輕鐵龍門站,LR Lung Mun Stop,K52P
K52P,O,23,K52P-D230,22.393627,113.96752,輕鐵青雲站,LR Tsing Wun Stop,K52P
K52P,O,24,K52P-D240,22.395064,113.969953,輕鐵建安站,LR Kin On Stop,K52P
K52P,O,25,K52P-D250,22.394225,113.973358,屯門站 ,Tuen Mun Station ,K52P
K52A,O,1,K52A-U010,22.394225,113.973358,屯門站 (輕鐵屯門站),Tuen Mun Station (LR Tuen Mun Stop),K52A
K52A,O,2,K52A-U015,22.393937,113.973896,輕鐵屯門站 (請留意服務時間)*,LR Tuen Mun Stop (Please refer to Service Time)*,K52A
K52A,O,3,K52A-U020,22.394687,113.970746,輕鐵建安站,LR Kin On Stop,K52A
K52A,O,4,K52A-U030,22.393382,113.967707,輕鐵青雲站,LR Tsing Wun Stop,K52A
K52A,O,5,K52A-U040,22.391722,113.967726,聖彼得堂,SKH St. Peter's Church,K52A
K52A,O,6,K52A-U050,22.383618,113.964478,富健花園,Glorious Garden,K52A
K52A,O,7,K52A-U060,22.382269,113.963833,新屯門中心,Sun Tuen Mun Centre,K52A
K52A,O,8,K52A-U070,22.377547,113.961481,輕鐵蝴蝶站,LR Butterfly Stop,K52A
K52A,O,9,K52A-U080,22.375483,113.959318,屯門公眾騎術學校,Tuen Mun Public Riding School,K52A
K52A,O,10,K52A-U090,22.37319,113.95473,蝴蝶灣公園,Butterfly Beach Park,K52A
K52A,O,11,K52A-U100,22.368528,113.948898,望后石,Pillar Point,K52A
K52A,O,12,K52A-U110,22.366727,113.94371,政府車場,Government Depot,K52A
K52A,O,13,K52A-U120,22.36857,113.93822,內河碼頭,River Trade Terminal,K52A
K52A,O,14,K52A-U130,22.36999,113.93403,環保園,EcoPark,K52A
K52A,O,15,K52A-U140,22.36995,113.92874,紹榮鋼鐵,Shiu Wing Steel Mill,K52A
K52A,O,16,K52A-U150,22.386382,113.921122,沙埔崗312號,No.312 Sha Po Kong,K52A
K52A,O,17,K52A-U160,22.388034,113.920786,沙埔崗177號,No.177 Sha Po Kong,K52A
K52A,O,18,K52A-U170,22.389307,113.920224,沙埔崗127號,No.127 Sha Po Kong,K52A
K52A,O,19,K52A-U180,22.420002,113.919644,曾咀 (曾咀靈灰安置所),Tsang Tsui (Tsang Tsui Columbarium),K52A
K52A,I,1,K52A-D010,22.420002,113.919644,曾咀 (曾咀靈灰安置所),Tsang Tsui (Tsang Tsui Columbarium),K52A
K52A,I,2,K52A-D020,22.389103,113.920301,沙埔崗127號,No.127 Sha Po Kong,K52A
K52A,I,3,K52A-D030,22.388058,113.920786,沙埔崗177號,No.177 Sha Po Kong,K52A
K52A,I,4,K52A-D040,22.386623,113.921158,沙埔崗288號,No.288 Sha Po Kong,K52A
K52A,I,5,K52A-D050,22.385511,113.921257,沙埔崗351號,No.351 Sha Po Kong,K52A
K52A,I,6,K52A-D060,22.38252,113.92102,中電 A廠,CLP (Plant A),K52A
K52A,I,7,K52A-D070,22.37012,113.92898,紹榮鋼鐵,Shiu Wing Steel Mill,K52A
K52A,I,8,K52A-D080,22.37001,113.93439,環保園,EcoPark,K52A
K52A,I,9,K52A-D090,22.36855,113.938063,內河碼頭,River Trade Terminal,K52A
K52A,I,10,K52A-D100,22.366875,113.944272,政府車場,Government Depot,K52A
K52A,I,11,K52A-D110,22.368667,113.948837,望后石,Pillar Point,K52A
K52A,I,12,K52A-D120,22.3729,113.954631,蝴蝶灣公園,Butterfly Beach Park,K52A
K52A,I,13,K52A-D130,22.375258,113.958583,屯門公眾騎術學校,Tuen Mun Public Riding School,K52A
K52A,I,14,K52A-D140,22.378359,113.961955,輕鐵蝴蝶站,LR Butterfly Stop,K52A
K52A,I,15,K52A-D150,22.382203,113.96359,輕鐵車廠站,Light Rail Depot Stop,K52A
K52A,I,16,K52A-D160,22.385399,113.965222,輕鐵龍門站,LR Lung Mun Stop,K52A
K52A,I,17,K52A-D170,22.393627,113.96752,輕鐵青雲站,LR Tsing Wun Stop,K52A
K52A,I,18,K52A-D180,22.395064,113.969953,輕鐵建安站,LR Kin On Stop,K52A
K52A,I,19,K52A-D190,22.394225,113.973358,屯門站 (輕鐵屯門站),Tuen Mun Station (LR Tuen Mun Stop),K52A
K53,O,1,K53-U010,22.394225,113.973358,屯門站 (輕鐵屯門站),Tuen Mun Station (LR Tuen Mun Stop),K53
K53,O,2,K53-U020,22.391543,113.975435,屯門市中心,Tuen Mun Town Centre,K53
K53,O,3,K53-U030,22.390622,113.978751,屯門官立中學,Tuen Mun Government Secondary School,K53
K53,O,4,K53-U040,22.387719,113.980762,恒順園,Handsome Court,K53
K53,O,5,K53-U050,22.385247,113.981068,恒豐園,Harvest Garden,K53
K53,O,6,K53-U060,22.381732,113.978847,三聖邨,Sam Shing Estate,K53
K53,O,7,K53-U070,22.378923,113.980763,青山灣,Castle Peak Beach,K53
K53,O,8,K53-U080,22.377877,113.983564,海景花園,Seaview Garden,K53
K53,O,9,K53-U090,22.374926,113.986745,咖啡灣,Cafeteria Beach,K53
K53,O,10,K53-U100,22.373785,113.990848,黃金泳灘,Golden Beach,K53
K53,O,11,K53-U110,22.372048,113.993608,香港黃金海岸,Hong Kong Gold Coast,K53
K53,O,12,K53-U120,22.371605,113.9954,愛琴海岸,Aegean Coast,K53
K53,O,13,K53-U130,22.373878,113.996144,掃管笏變電站,So Kwun Wat Sub-station,K53
K53,O,14,K53-U140,22.375743,113.999829,掃管笏村,So Kwun Wat Tsuen,K53
K53,O,15,K53-D010,22.372023,114.003593,掃管笏 (鄭任安夫人千禧小學),So Kwun Wat (Mrs. Cheng Yam On Millennium School),K53
K53,O,16,K53-D015,22.374216,114.002295,掃管笏路,So Kwun Wat Road,K53
K53,O,17,K53-D020,22.373699,113.999513,管翠路8號,8 Kwun Chui Road,K53
K53,O,18,K53-D030,22.375123,113.997707,管翠路,Kwun Chui Road,K53
K53,O,19,K53-D040,22.371473,113.995381,愛琴海岸,Aegean Coast,K53
K53,O,20,K53-D050,22.371294,113.993906,香港黃金海岸,Hong Kong Gold Coast,K53
K53,O,21,K53-D060,22.373653,113.991237,黃金泳灘,Golden Beach,K53
K53,O,22,K53-D070,22.375924,113.985662,咖啡灣,Cafeteria Beach,K53
K53,O,23,K53-D080,22.377941,113.983293,碧翠花園,Bayview Terrace,K53
K53,O,24,K53-D090,22.378954,113.980609,青山灣碼頭,Castle Peak Bay Pier,K53
K53,O,25,K53-D100,22.381245,113.979119,三聖邨,Sam Shing Estate,K53
K53,O,26,K53-D110,22.382079,113.977158,恆福花園 (輕鐵三聖站),Hanford Garden (LR Sam Shing Stop),K53
K53,O,27,K53-D120,22.383774,113.97939,胡陳金枝中學,Mrs Aw Boon Haw Secondary School,K53
K53,O,28,K53-D130,22.38463,113.980641,青善遊樂場,Tsing Sin Playground,K53
K53,O,29,K53-D140,22.387328,113.980668,置樂花園,Chi Lok Fa Yuen,K53
K53,O,30,K53-D150,22.390452,113.978855,屯門官立中學,Tuen Mun Government Secondary School,K53
K53,O,31,K53-D160,22.392116,113.975082,輕鐵市中心站,LR Town Centre Stop,K53
K53,O,32,K53-U011,22.394225,113.973358,屯門站 (輕鐵屯門站),Tuen Mun Station (LR Tuen Mun Stop),K53
K53S,O,1,K53S-U010,22.394225,113.973358,屯門站 ,Tuen Mun Station,K53S
K53S,O,2,K53S-U020,22.391668,113.971547,天后路,Tin Hau Road,K53S
K53S,O,3,K53S-U030,22.38814,113.97015,業旺邨,Yip Wong Estate,K53S
K53S,O,4,K53S-U040,22.394225,113.973358,屯門站 ,Tuen Mun Station,K53S
K54,O,1,K54-U010,22.41295362,113.9686386,和田邨,Wo Tin Estate,K54
K54,O,2,K54-U020,22.41229368,113.9705794,菁田邨,Ching Tin Estate,K54
K54,O,3,K54-U030,22.41439481,113.9738808,紫田村,Tsz Tin Tsuen,K54
K54,O,4,K54-U040,22.41435,113.97701,欣田邨,Yan Tin Estate,K54
K54,O,5,K54-U050,22.4134,113.97902,港鐵兆康站 (北) (輕鐵兆康站),MTR Siu Hong Station (North) (LR Siu Hong Stop),K54
K54,O,6,K54-U060,22.40199647,113.977489,紅橋,Hung Kiu,K54
K54,O,7,K54-U070,22.391389,113.975465,屯門市中心,Tuen Mun Town Centre,K54
K54,O,8,K54-D010,22.39272978,113.9769618,屯門市廣場,Tuen Mun Town Plaza,K54
K54,O,9,K54-D020,22.3989419,113.9766028,新墟街市,San Hui Market,K54
K54,O,10,K54-D030,22.41357,113.9791,港鐵兆康站 (北) (輕鐵兆康站),MTR Siu Hong Station (North) (LR Siu Hong Stop),K54
K54,O,11,K54-D040,22.414907,113.977412,兆康苑,Siu Hong Court,K54
K54,O,12,K54-D050,22.41309916,113.9723357,欣寶路公共運輸交匯處,Yan Po Road Public Transport Interchange,K54
K54,O,13,K54-D060,22.41197411,113.9703303,菁田邨,Ching Tin Estate,K54
K54,O,14,K54-D070,22.41295362,113.9686386,和田邨,Wo Tin Estate,K54
K54A,O,1,K54A-U010,22.41295362,113.9686386,和田邨,Wo Tin Estate,K54A
K54A,O,2,K54A-U020,22.41229368,113.9705794,菁田邨,Ching Tin Estate,K54A
K54A,O,3,K54A-U030,22.41439481,113.9738808,紫田村,Tsz Tin Tsuen,K54A
K54A,O,4,K54A-U040,22.41435,113.97701,欣田邨,Yan Tin Estate,K54A
K54A,O,5,K54A-U050,22.4134,113.97902,港鐵兆康站 (北) (輕鐵兆康站),MTR Siu Hong Station (North) (LR Siu Hong Stop),K54A
K54A,I,1,K54A-D010,22.4134,113.97902,港鐵兆康站 (北) (輕鐵兆康站),MTR Siu Hong Station (North) (LR Siu Hong Stop),K54A
K54A,I,2,K54A-D020,22.414907,113.977412,兆康苑,Siu Hong Court,K54A
K54A,I,3,K54A-D030,22.41309916,113.9723357,欣寶路公共運輸交匯處,Yan Po Road Public Transport Interchange,K54A
K54A,I,4,K54A-D040,22.41197411,113.9703303,菁田邨,Ching Tin Estate,K54A
K54A,I,5,K54A-D050,22.41295362,113.9686386,和田邨,Wo Tin Estate,K54A
K58,O,1,K58-U010,22.412815,113.982949,富泰,Fu Tai,K58
K58,O,2,K58-U020,22.412004,113.98378,聚康山莊,Beneville,K58
K58,O,3,K58-U023,22.41059,113.982387,嶺南大學,Lingnan University,K58
K58,O,4,K58-U026,22.408575,113.980046,彩暉花園,Brilliant Garden,K58
K58,O,5,K58-U030,22.410247,113.978583,港鐵兆康站 (南) (輕鐵兆康站),MTR Siu Hong Station (South) (LR Siu Hong Stop),K58
K58,O,6,K58-U040,22.4137,113.976951,兆康苑,Siu Hong Court,K58
K58,O,7,K58-U050,22.41013,113.976505,輕鐵麒麟站,LR Kei Lun Stop,K58
K58,O,8,K58-U060,22.408609,113.975571,屯門醫院,Tuen Mun Hospital,K58
K58,O,9,K58-U070,22.406276,113.971935,青松觀,Tsing Chung Koon,K58
K58,O,10,K58-U080,22.404952,113.968844,保良局莊啟程第二小學,PLK Vicwood K.T. Chong No.2 Primary School,K58
K58,O,11,K58-U090,22.405728,113.967008,何壽基小學,Ho Sau Kei Primary School,K58
K58,O,12,K58-U100,22.407089,113.964247,良景邨,Leung King Estate,K58
K58,O,13,K58-U110,22.405394,113.964648,輕鐵新圍站,LR San Wai Stop,K58
K58,O,14,K58-U120,22.401886,113.96805,輕鐵石排站,LR Shek Pai Stop,K58
K58,O,15,K58-U130,22.396961,113.967622,輕鐵鳴琴站,LR Ming Kum Stop,K58
K58,O,16,K58-U140,22.395021,113.969976,輕鐵建安站,LR Kin On Stop,K58
K58,O,17,K58-U150,22.394225,113.973358,港鐵屯門站,MTR Tuen Mun Station,K58
K58,O,18,K58-U160,22.391389,113.975465,屯門市中心,Tuen Mun Town Centre,K58
K58,O,19,K58-U170,22.390652,113.978795,屯門官立中學,Tuen Mun Government Secondary School,K58
K58,O,20,K58-U180,22.387795,113.980743,恒順園,Handsome Court,K58
K58,O,21,K58-U190,22.385271,113.981071,恒豐園,Harvest Garden,K58
K58,O,22,K58-U200,22.381705,113.978852,三聖邨,Sam Shing Estate,K58
K58,O,23,K58-U215,22.378923,113.980763,青山灣,Castle Peak Beach,K58
K58,O,24,K58-U220,22.377877,113.983564,海景花園,Seaview Garden,K58
K58,O,25,K58-U230,22.374926,113.986745,咖啡灣,Cafeteria Beach,K58
K58,O,26,K58-U240,22.373785,113.990848,黃金泳灘,Golden Beach,K58
K58,O,27,K58-U250,22.372048,113.993608,香港黃金海岸,Hong Kong Gold Coast,K58
K58,O,28,K58-U260,22.371605,113.9954,愛琴海岸,Aegean Coast,K58
K58,O,29,K58-U270,22.373878,113.996144,掃管笏變電站,So Kwun Wat Sub-station,K58
K58,O,30,K58-U280,22.375743,113.999829,掃管笏村,So Kwun Wat Tsuen,K58
K58,O,31,K58-U290,22.372023,114.003593,掃管笏 (鄭任安夫人千禧小學),So Kwun Wat (Mrs. Cheng Yam On Millennium School),K58
K58,O,32,K58-U300,22.374216,114.002295,掃管笏路,So Kwun Wat Road,K58
K58,O,33,K58-U310,22.373699,113.999513,管翠路8號,8 Kwun Chui Road,K58
K58,O,34,K58-U320,22.375123,113.997707,管翠路,Kwun Chui Road,K58
K58,I,1,K58-D001,22.375743,113.999829,掃管笏村,So Kwun Wat Tsuen,K58
K58,I,2,K58-D002,22.372023,114.003593,掃管笏  (鄭任安夫人千禧小學),So Kwun Wat (Mrs. Cheng Yam On Millennium School),K58
K58,I,3,K58-D003,22.374216,114.002295,掃管笏路,So Kwun Wat Road,K58
K58,I,4,K58-D004,22.373699,113.999513,管翠路8號,8 Kwun Chui Road,K58
K58,I,5,K58-D005,22.375123,113.997707,管翠路,Kwun Chui Road,K58
K58,I,6,K58-D006,22.371473,113.995381,愛琴海岸,Aegean Coast,K58
K58,I,7,K58-D007,22.371294,113.993906,香港黃金海岸,Hong Kong Gold Coast,K58
K58,I,8,K58-D008,22.373653,113.991237,黃金泳灘,Golden Beach,K58
K58,I,9,K58-D009,22.375924,113.985662,咖啡灣,Cafeteria Beach,K58
K58,I,10,K58-D011,22.377941,113.983293,碧翠花園,Bayview Terrace,K58
K58,I,11,K58-D012,22.378954,113.980609,青山灣碼頭,Castle Peak Bay Pier,K58
K58,I,12,K58-D020,22.381189,113.979146,三聖邨,Sam Shing Estate,K58
K58,I,13,K58-D030,22.383774,113.97939,胡陳金枝中學,Mrs Aw Boon Haw Secondary School,K58
K58,I,14,K58-D040,22.38458,113.980659,青善遊樂場,Tsing Sin Playground,K58
K58,I,15,K58-D050,22.387305,113.980672,置樂花園,Chi Lok Fa Yuen,K58
K58,I,16,K58-D060,22.39043,113.978867,屯門官立中學,Tuen Mun Government Secondary School,K58
K58,I,17,K58-D070,22.392096,113.97512,輕鐵市中心站,LR Town Centre Stop,K58
K58,I,18,K58-D080,22.39395,113.9737,輕鐵屯門站 (港鐵屯門站),LR Tuen Mun Stop (MTR Tuen Mun Station),K58
K58,I,19,K58-D090,22.394699,113.970762,輕鐵建安站,LR Kin On Stop,K58
K58,I,20,K58-D100,22.396769,113.967425,輕鐵鳴琴站,LR Ming Kum Stop,K58
K58,I,21,K58-D110,22.401983,113.967883,輕鐵石排站,LR Shek Pai Stop,K58
K58,I,22,K58-D120,22.405404,113.963966,輕鐵新圍站,LR San Wai Stop,K58
K58,I,23,K58-D130,22.407716,113.96598,輕鐵田景站,LR Tin King Stop,K58
K58,I,24,K58-D140,22.405974,113.967207,青田遊樂場,Tsing Tin Playground,K58
K58,I,25,K58-D150,22.405169,113.968901,建生邨樂生樓,"Lok Sang House, Kin Sang Estate",K58
K58,I,26,K58-D160,22.406394,113.971667,建生邨泰生樓,"Tai Sang House, Kin Sang Estate",K58
K58,I,27,K58-D170,22.411042,113.97648,輕鐵麒麟站,LR Kei Lun Stop,K58
K58,I,28,K58-D180,22.414291,113.977143,欣田邨,Yan Tin Estate,K58
K58,I,29,K58-D190,22.410378,113.978607,港鐵兆康站 (南) (輕鐵兆康站),MTR Siu Hong Station (South) (LR Siu Hong Stop),K58
K58,I,30,K58-D193,22.408779,113.980397,彩暉花園,Brilliant Garden,K58
K58,I,31,K58-D196,22.410694,113.982212,嶺南大學,Lingnan University,K58
K58,I,32,K58-D200,22.411915,113.983238,倚嶺南庭,South Hillcrest,K58
K58,I,33,K58-D210,22.412815,113.982949,富泰,Fu Tai,K58
K65,O,1,K65-U010,22.446443,114.034518,元朗站 (輕鐵元朗站) (港鐵元朗站),Yuen Long Station (LR Yuen Long Stop) (MTR Yuen Long Station),K65
K65,O,2,K65-U020,22.44451201,114.0315245,又新街,Yau San Street,K65
K65,O,3,K65-U030,22.4446245,114.028421,大棠路,Tai Tong Road,K65
K65,O,4,K65-U040,22.44478103,114.026429,康樂路,Hong Lok Road,K65
K65,O,5,K65-U050,22.44449303,114.024142,元朗警署,Yuen Long Police Station,K65
K65,O,6,K65-U060,22.44449303,114.02119,輕鐵水邊圍站,LR Shui Pin Wai Stop,K65
K65,O,7,K65-U070,22.44416303,114.018772,元朗公園,Yuen Long Park,K65
K65,O,8,K65-U080,22.44347999,114.014914,朗邊,Long Bin,K65
K65,O,9,K65-U090,22.443597,114.009912,屏山屏興里,"Ping Hing Lane, Ping Shan",K65
K65,O,10,K65-U100,22.44378098,114.007739,坑尾村,Hang Mei Tsuen,K65
K65,O,11,K65-U110,22.445754,114.004915,輕鐵坑尾村站,LR Hang Mei Tsuen Stop,K65
K65,O,12,K65-U120,22.44692696,114.003126,天盛苑 (港鐵天水圍站),Tin Shing Court (MTR Tin Shui Wai Station),K65
K65,O,13,K65-U130,22.44667601,113.998121,石埗路,Shek Po Road,K65
K65,O,14,K65-U140,22.44606899,113.995464,沙洲里村,Sha Chau Lei Tsuen,K65
K65,O,15,K65-U150,22.44756503,113.9938825,廈村,Ha Tsuen,K65
K65,O,16,K65-U160,22.44952099,113.994281,錫降圍,Shek Kong Wai,K65
K65,O,17,K65-U170,22.451291,113.994884,羅屋村,Lo Uk Tsuen,K65
K65,O,18,K65-U180,22.45294902,113.994668,東頭村 (南),Tung Tau Tsuen (South),K65
K65,O,19,K65-U190,22.45670102,113.991661,東頭村 (北),Tung Tau Tsuen (North),K65
K65,O,20,K65-U200,22.45909799,113.990368,鳳降村,Fung Kong Tsuen,K65
K65,O,21,K65-U210,22.46156302,113.988875,沙江圍,Sha Kong Wai,K65
K65,O,22,K65-U220,22.46464396,113.986202,新慶村,San Hing Tsuen,K65
K65,O,23,K65-U230,22.467614,113.983984,流浮山,Lau Fau Shan,K65
K65,I,1,K65-D010,22.467614,113.983984,流浮山,Lau Fau Shan,K65
K65,I,2,K65-D020,22.46416401,113.986741,新慶村,San Hing Tsuen,K65
K65,I,3,K65-D030,22.46140502,113.989344,沙江圍,Sha Kong Wai,K65
K65,I,4,K65-D040,22.45915096,113.990515,鳳降村,Fung Kong Tsuen,K65
K65,I,5,K65-D050,22.45592603,113.992509,東頭村,Tung Tau Tsuen,K65
K65,I,6,K65-D060,22.45256698,113.994935,羅屋村,Lo Uk Tsuen,K65
K65,I,7,K65-D070,22.44876897,113.994128,錫降圍,Shek Kong Wai,K65
K65,I,8,K65-D080,22.44670803,113.994761,廈村,Ha Tsuen,K65
K65,I,9,K65-D090,22.44663703,113.997152,沙洲里村,Sha Chau Lei Tsuen,K65
K65,I,10,K65-D100,22.44694096,114.00282,天盛苑 (港鐵天水圍站),Tin Shing Court (MTR Tin Shui Wai Station),K65
K65,I,11,K65-D110,22.44588903,114.00512,輕鐵坑尾村站,LR Hang Mei Tsuen Stop,K65
K65,I,12,K65-D120,22.44390302,114.007678,坑尾村,Hang Mei Tsuen,K65
K65,I,13,K65-D130,22.44370999,114.010233,屏山屏興里,"Ping Hing Lane, Ping Shan",K65
K65,I,14,K65-D140,22.44322099,114.012915,輕鐵屏山站,LR Ping Shan Stop,K65
K65,I,15,K65-D150,22.44457601,114.019733,輕鐵水邊圍站,LR Shui Pin Wai Stop,K65
K65,I,16,K65-D160,22.44457601,114.023787,元朗廣場,Yuen Long Plaza,K65
K65,I,17,K65-D170,22.44446897,114.02828,開心廣場,Yuen Long Landmark,K65
K65,I,18,K65-D180,22.44441197,114.030327,谷亭街,Kuk Ting Street,K65
K65,I,19,K65-D190,22.446443,114.034518,"元朗站 (輕鐵元朗站, 港鐵元朗站)","Yuen Long Station (LR Yuen Long Stop, MTR Yuen Long Station)",K65
K65A,O,1,K65A-U010,22.44654,114.0037516,天水圍站 (輕鐵天水圍站),Tin Shui Wai Station (LR Tin Shui Wai Stop),K65A
K65A,O,2,K65A-U020,22.44692696,114.003126,天盛苑 (港鐵天水圍站),Tin Shing Court (MTR Tin Shui Wai Station),K65A
K65A,O,3,K65A-U030,22.44667601,113.998121,石埗路,Shek Po Road,K65A
K65A,O,4,K65A-U040,22.44606899,113.995464,沙洲里村,Sha Chau Lei Tsuen,K65A
K65A,O,5,K65A-U050,22.44756503,113.9938825,廈村,Ha Tsuen,K65A
K65A,O,6,K65A-U060,22.44952099,113.994281,錫降圍,Shek Kong Wai,K65A
K65A,O,7,K65A-U070,22.451291,113.994884,羅屋村,Lo Uk Tsuen,K65A
K65A,O,8,K65A-U080,22.45294902,113.994668,東頭村 (南),Tung Tau Tsuen (South),K65A
K65A,O,9,K65A-U090,22.45670102,113.991661,東頭村 (北),Tung Tau Tsuen (North),K65A
K65A,O,10,K65A-U100,22.45909799,113.990368,鳳降村,Fung Kong Tsuen,K65A
K65A,O,11,K65A-U110,22.46156302,113.988875,沙江圍,Sha Kong Wai,K65A
K65A,O,12,K65A-U120,22.46464396,113.986202,新慶村,San Hing Tsuen,K65A
K65A,O,13,K65A-U130,22.467614,113.983984,流浮山,Lau Fau Shan,K65A
K65A,I,1,K65A-D010,22.467614,113.983984,流浮山,Lau Fau Shan,K65A
K65A,I,2,K65A-D020,22.46416401,113.986741,新慶村,San Hing Tsuen,K65A
K65A,I,3,K65A-D030,22.46140502,113.989344,沙江圍,Sha Kong Wai,K65A
K65A,I,4,K65A-D040,22.45915096,113.990515,鳳降村,Fung Kong Tsuen,K65A
K65A,I,5,K65A-D050,22.45592603,113.992509,東頭村,Tung Tau Tsuen,K65A
K65A,I,6,K65A-D060,22.45256698,113.994935,羅屋村,Lo Uk Tsuen,K65A
K65A,I,7,K65A-D070,22.44876897,113.994128,錫降圍,Shek Kong Wai,K65A
K65A,I,8,K65A-D080,22.44670803,113.994761,廈村,Ha Tsuen,K65A
K65A,I,9,K65A-D090,22.44663703,113.997152,沙洲里村,Sha Chau Lei Tsuen,K65A
K65A,I,10,K65A-D100,22.44694096,114.00282,天盛苑 (港鐵天水圍站),Tin Shing Court (MTR Tin Shui Wai Station),K65A
K65A,I,11,K65A-D110,22.44654,114.0037516,天水圍站 (輕鐵天水圍站),Tin Shui Wai Station (LR Tin Shui Wai Stop),K65A
K66,O,1,K66-U010,22.45078121,114.0229286,朗屏,Long Ping,K66
K66,O,2,K66-U020,22.45134693,114.0254022,楊屋村,Yeung Uk Tsuen,K66
K66,O,3,K66-U030,22.447672,114.023295,屏昌徑 (港鐵朗屏站),Ping Cheong Path (MTR Long Ping Station),K66
K66,O,4,K66-U040,22.446002,114.022607,元朗盲人安老院,Yuen Long Home for the Aged Blind,K66
K66,O,5,K66-U050,22.4434668,114.0223167,元朗大會堂 (輕鐵豐年路站),Yuen Long Town Hall (LR Fung Nin Road Stop),K66
K66,O,6,K66-U060,22.44306167,114.0236577,安康路,On Hong Road,K66
K66,O,7,K66-U070,22.44297,114.027754,元朗商業中心,Yuen Long Commercial Centre,K66
K66,O,8,K66-U080,22.44120404,114.0294022,富達廣場,Manhattan Plaza,K66
K66,O,9,K66-U090,22.436903,114.029411,蝶翠峰,Sereno Verde,K66
K66,O,10,K66-U100,22.435406,114.0287683,禮修村,Fraser Village,K66
K66,O,11,K66-U110,22.43369688,114.0285876,深涌村,Sham Chung Tsuen,K66
K66,O,12,K66-U120,22.43240032,114.0285171,羅家園,Law Ka Yuen,K66
K66,O,13,K66-U130,22.42978906,114.0286105,崇正公立學校,Shung Ching School,K66
K66,O,14,K66-U140,22.42739559,114.0295088,崇正菜站,Shung Ching Vegetable Market,K66
K66,O,15,K66-U150,22.42562276,114.0312735,老圍,Lo Wai,K66
K66,O,16,K66-U160,22.42356303,114.0321846,振華花園,Chun Wah Villas,K66
K66,O,17,K66-U170,22.42265522,114.0308948,南坑排,Nam Hang Pai,K66
K66,O,18,K66-U180,22.42247664,114.0298802,水蕉新村,Shui Chiu San Tsuen,K66
K66,O,19,K66-U190,22.42193919,114.0282615,華苑,Wah Yuen,K66
K66,O,20,K66-U200,22.41836575,114.0256553,大棠迴旋處,Tai Tong Roundabout,K66
K66,O,21,K66-U210,22.41618728,114.0236994,大棠山路,Tai Tong Shan Road,K66
K66,O,22,K66-U220,22.416389,114.021874,大棠黃泥墩村,Tai Tong Wong Nai Tun Tsuen,K66
K66,I,1,K66-D010,22.416389,114.021874,大棠黃泥墩村,Tai Tong Wong Nai Tun Tsuen,K66
K66,I,2,K66-D020,22.41620604,114.0238973,大棠山路,Tai Tong Shan Road,K66
K66,I,3,K66-D030,22.418334,114.02484,大棠迴旋處,Tai Tong Roundabout,K66
K66,I,4,K66-D040,22.42207521,114.0283849,華苑,Wah Yuen,K66
K66,I,5,K66-D050,22.42253674,114.0299286,水蕉新村,Shui Chiu San Tsuen,K66
K66,I,6,K66-D060,22.42270841,114.0310276,南坑排,Nam Hang Pai,K66
K66,I,7,K66-D070,22.42418205,114.0322333,南坑村,Nam Hang Tsuen,K66
K66,I,8,K66-D080,22.42571102,114.0311155,紅棗田村,Hung Tso Tin Tsuen,K66
K66,I,9,K66-D090,22.42751631,114.0293547,普盛圍,Po Shing Wai,K66
K66,I,10,K66-D100,22.42993918,114.0285687,崇正公立學校,Shung Ching School,K66
K66,I,11,K66-D110,22.4321724,114.0284926,羅家園,Law Ka Yuen,K66
K66,I,12,K66-D120,22.43377173,114.0285624,深涌村,Sham Chung Tsuen,K66
K66,I,13,K66-D130,22.43543081,114.0287164,禮修村,Fraser Village,K66
K66,I,14,K66-D140,22.43724051,114.0295783,蝶翠峰,Sereno Verde,K66
K66,I,15,K66-D150,22.43836882,114.0294482,恆香製餅廠,Hang Heung Cake Shop,K66
K66,I,16,K66-D160,22.44119428,114.0293385,富達廣場,Manhattan Plaza,K66
K66,I,17,K66-D170,22.44298197,114.0278032,千色廣場,Citi Mall,K66
K66,I,18,K66-D180,22.44302568,114.0230108,安康路,On Hong Road,K66
K66,I,19,K66-D190,22.44362078,114.0222338,元朗大會堂 (輕鐵豐年路站),Yuen Long Town Hall (LR Fung Nin Road Stop),K66
K66,I,20,K66-D200,22.44613943,114.0213445,水邊圍邨康水樓,"Hong Shui House, Shui Pin Wai Estate",K66
K66,I,21,K66-D210,22.44785153,114.0227269,朗屏邨悅屏樓 (港鐵朗屏站),"Yuet Ping House, Long Ping Estate (MTR Long Ping Station)",K66
K66,I,22,K66-D220,22.449515,114.025532,惠州學校,Wai Chow School,K66
K66,I,23,K66-D230,22.451414,114.025334,朗屏邨珠屏樓,"Chu Ping House, Long Ping Estate",K66
K66,I,24,K66-D240,22.45078121,114.0229286,朗屏,Long Ping,K66
K66,O,1,K66-D010,22.416389,114.021874,大棠黃泥墩村,Tai Tong Wong Nai Tun Tsuen,K66-1
K66,O,2,K66-D020,22.41620604,114.0238973,大棠山路,Tai Tong Shan Road,K66-1
K66,O,3,K66-D030,22.418334,114.02484,大棠迴旋處,Tai Tong Roundabout,K66-1
K66,O,4,K66-D040,22.42207521,114.0283849,華苑,Wah Yuen,K66-1
K66,O,5,K66-D050,22.42253674,114.0299286,水蕉新村,Shui Chiu San Tsuen,K66-1
K66,O,6,K66-D060,22.42270841,114.0310276,南坑排,Nam Hang Pai,K66-1
K66,O,7,K66-D070,22.42418205,114.0322333,南坑村,Nam Hang Tsuen,K66-1
K66,O,8,K66-D080,22.42571102,114.0311155,紅棗田村,Hung Tso Tin Tsuen,K66-1
K66,O,9,K66-D090,22.42751631,114.0293547,普盛圍,Po Shing Wai,K66-1
K66,O,10,K66-D100,22.42993918,114.0285687,崇正公立學校,Shung Ching School,K66-1
K66,O,11,K66-D110,22.4321724,114.0284926,羅家園,Law Ka Yuen,K66-1
K66,O,12,K66-D120,22.43377173,114.0285624,深涌村,Sham Chung Tsuen,K66-1
K66,O,13,K66-D130,22.43543081,114.0287164,禮修村,Fraser Village,K66-1
K66,O,14,K66-D140,22.43724051,114.0295783,蝶翠峰,Sereno Verde,K66-1
K66,O,15,K66-D150,22.43836882,114.0294482,恆香製餅廠,Hang Heung Cake Shop,K66-1
K66,O,16,K66-D160,22.44119428,114.0293385,富達廣場,Manhattan Plaza,K66-1
K66,O,17,K66-D170,22.44298197,114.0278032,千色廣場,Citi Mall,K66-1
K66,O,18,K66-D180,22.44302568,114.0230108,安康路,On Hong Road,K66-1
K66,O,19,K66-D190,22.44362078,114.0222338,元朗大會堂 ,Yuen Long Town Hall ,K66-1
K66,O,20,K66-D200,22.44613943,114.0213445,水邊圍邨康水樓,"Hong Shui House, Shui Pin Wai Estate",K66-1
K66,O,21,K66-D210,22.44785153,114.0227269,朗屏邨悅屏樓 ,"Yuet Ping House, Long Ping Estate ",K66-1
K66,O,1,K66-D010,22.416389,114.021874,大棠黃泥墩村,Tai Tong Wong Nai Tun Tsuen,K66-2
K66,O,2,K66-D020,22.41620604,114.0238973,大棠山路,Tai Tong Shan Road,K66-2
K66,O,3,K66-D030,22.418334,114.02484,大棠迴旋處,Tai Tong Roundabout,K66-2
K66,O,4,K66-D040,22.42207521,114.0283849,華苑,Wah Yuen,K66-2
K66,O,5,K66-D050,22.42253674,114.0299286,水蕉新村,Shui Chiu San Tsuen,K66-2
K66,O,6,K66-D060,22.42270841,114.0310276,南坑排,Nam Hang Pai,K66-2
K66,O,7,K66-D070,22.42418205,114.0322333,南坑村,Nam Hang Tsuen,K66-2
K66,O,8,K66-D080,22.42571102,114.0311155,紅棗田村,Hung Tso Tin Tsuen,K66-2
K66,O,9,K66-D090,22.42751631,114.0293547,普盛圍,Po Shing Wai,K66-2
K66,O,10,K66-D100,22.42993918,114.0285687,崇正公立學校,Shung Ching School,K66-2
K66,O,11,K66-D110,22.4321724,114.0284926,羅家園,Law Ka Yuen,K66-2
K66,O,12,K66-D120,22.43377173,114.0285624,深涌村,Sham Chung Tsuen,K66-2
K66,O,13,K66-D130,22.43543081,114.0287164,禮修村,Fraser Village,K66-2
K66,O,14,K66-D140,22.43724051,114.0295783,蝶翠峰,Sereno Verde,K66-2
K66,O,15,K66-D150,22.43836882,114.0294482,恆香製餅廠,Hang Heung Cake Shop,K66-2
K66,O,16,K66-D160,22.44119428,114.0293385,富達廣場,Manhattan Plaza,K66-2
K66,O,17,K66-D170,22.44298197,114.0278032,千色廣場,Citi Mall,K66-2
K66,O,18,K66-D180,22.44302568,114.0230108,安康路,On Hong Road,K66-2
K66,O,1,K66-D060,22.42270841,114.0310276,南坑排,Nam Hang Pai,K66-3
K66,O,2,K66-D070,22.42418205,114.0322333,南坑村,Nam Hang Tsuen,K66-3
K66,O,3,K66-D080,22.42571102,114.0311155,紅棗田村,Hung Tso Tin Tsuen,K66-3
K66,O,4,K66-D090,22.42751631,114.0293547,普盛圍,Po Shing Wai,K66-3
K66,O,5,K66-D100,22.42993918,114.0285687,崇正公立學校,Shung Ching School,K66-3
K66,O,6,K66-D110,22.4321724,114.0284926,羅家園,Law Ka Yuen,K66-3
K66,O,7,K66-D120,22.43377173,114.0285624,深涌村,Sham Chung Tsuen,K66-3
K66,O,8,K66-D130,22.43543081,114.0287164,禮修村,Fraser Village,K66-3
K66,O,9,K66-D140,22.43724051,114.0295783,蝶翠峰,Sereno Verde,K66-3
K66,O,10,K66-D150,22.43836882,114.0294482,恆香製餅廠,Hang Heung Cake Shop,K66-3
K66,O,11,K66-D160,22.44119428,114.0293385,富達廣場,Manhattan Plaza,K66-3
K66,O,12,K66-D170,22.44298197,114.0278032,千色廣場,Citi Mall,K66-3
K66,O,13,K66-D180,22.44302568,114.0230108,安康路,On Hong Road,K66-3
K66,O,14,K66-D190,22.44362078,114.0222338,元朗大會堂 ,Yuen Long Town Hall ,K66-3
K66,O,15,K66-D200,22.44613943,114.0213445,水邊圍邨康水樓,"Hong Shui House, Shui Pin Wai Estate",K66-3
K66,O,16,K66-D210,22.44785153,114.0227269,朗屏邨悅屏樓 ,"Yuet Ping House, Long Ping Estate ",K66-3
K66,O,17,K66-D220,22.449515,114.025532,惠州學校,Wai Chow School,K66-3
K66,O,18,K66-D230,22.451414,114.025334,朗屏邨珠屏樓,"Chu Ping House, Long Ping Estate",K66-3
K66,O,19,K66-D240,22.45078121,114.0229286,朗屏,Long Ping,K66-3
K68,O,1,K68-U010,22.460827,114.026513,元朗工業邨,Yuen Long Industrial Estate,K68
K68,O,2,K68-U020,22.462075,114.028979,凸版資訊卡,Toppan Forms Card Tech Ltd,K68
K68,O,3,K68-U030,22.463753,114.027581,雀巢,Nestle (HK) Ltd,K68
K68,O,4,K68-U040,22.465525,114.026843,元朗污水處理廠,Yuen Long Sewage Treatment Works,K68
K68,O,5,K68-U050,22.464754,114.024822,位元堂藥業大廈,Wai Yuen Tong Medicine Building,K68
K68,O,6,K68-U060,22.462219,114.023448,東電化電子零件,TDK Manufacturing (HK) Co Ltd,K68
K68,O,7,K68-U070,22.46039,114.022169,凸版印刷,Toppan Printing Co (HK) Ltd,K68
K68,O,8,K68-U080,22.45845,114.023157,匯泉國際實業,Telford International Industries Ltd,K68
K68,O,9,K68-U090,22.455119,114.024092,橫洲福慶村,Wang Chau Fuk Hing Tsuen,K68
K68,O,10,K68-U100,22.45078121,114.0229286,朗屏 (巴士總站),Long Ping (Bus Terminus),K68
K68,O,11,K68-U110,22.451379,114.025576,楊屋村,Yeung Uk Tsuen,K68
K68,O,12,K68-U120,22.447648,114.023001,屏昌徑 (港鐵朗屏站),Ping Cheong Path (MTR Long Ping Station),K68
K68,O,13,K68-U130,22.446002,114.022607,元朗盲人安老院,Yuen Long Home for the Aged Blind,K68
K68,O,14,K68-U140,22.442588,114.022245,聿修堂 (輕鐵豐年路站),Lut Sau Hall (LR Fung Nin Road Stop),K68
K68,O,15,K68-U150,22.441306,114.02224,元朗劇院,Yuen Long Theatre,K68
K68,O,16,K68-U160,22.43953,114.02226,銀田花園,Silver Field Garden,K68
K68,O,17,K68-U170,22.438801,114.02024,南元朗官立小學,South Yuen Long Government Primary School,K68
K68,O,18,K68-D010,22.44193,114.02007,元朗公園,Yuen Long Park,K68
K68,O,19,K68-D020,22.442503,114.017663,御豪山莊,Park Royale,K68
K68,O,20,K68-D030,22.440088,114.019048,藝典居,Villa Art Deco,K68
K68,O,21,K68-D040,22.440407,114.021312,御庭居,Springdale Villas,K68
K68,O,22,K68-D050,22.44149722,114.0221389,元朗游泳池,Yuen Long Swimming Pool,K68
K68,O,23,K68-D060,22.443644,114.022164,元朗大會堂,Yuen Long Town Hall,K68
K68,O,24,K68-D070,22.444676,114.023705,元朗廣場 (輕鐵豐年路站),Yuen Long Plaza (LR Fung Nin Road Stop),K68
K68,O,25,K68-D080,22.446157,114.026583,元朗安寧路,Yuen Long On Ning Road,K68
K68,O,26,K68-D090,22.447538,114.026826,大橋村 (港鐵朗屏站),Tai Kiu Tsuen (MTR Long Ping Station),K68
K68,O,27,K68-D100,22.449497,114.025532,惠州學校,Wai Chow School,K68
K68,O,28,K68-D110,22.451434,114.025324,朗屏邨珠屏樓,"Chu Ping House, Long Ping Estate",K68
K68,O,29,K68-D120,22.45078121,114.0229286,朗屏 (巴士總站),Long Ping (Bus Terminus),K68
K68,O,30,K68-D130,22.455166,114.02403,橫洲福慶村,Wang Chau Fuk Hing Tsuen,K68
K68,O,31,K68-D140,22.45789,114.023353,元朗紡織品,Yuen Long Textile Co Ltd,K68
K68,O,32,K68-D150,22.460236,114.022242,大昌行食品加工及物流中心,DCH Food Processing & Logistics Centre,K68
K68,O,33,K68-D160,22.462306,114.023412,有生鉛水(熱浸鋅),Yau Sang Galvanizers (Hot-Dip) Co Ltd,K68
K68,O,34,K68-D170,22.464968,114.024783,余仁生中心,Eu Yan Sang Centre,K68
K68,O,35,K68-D180,22.465479,114.026899,元朗污水處理廠,Yuen Long Sewage Treatment Works,K68
K68,O,36,K68-D190,22.463782,114.027638,雀巢,Nestle (HK) Ltd,K68
K68,O,37,K68-D200,22.461655,114.029313,牛尾香港,Ushio HK Ltd,K68
K68,O,38,K68-U011,22.460827,114.026513,元朗工業邨,Yuen Long Industrial Estate,K68
K68,O,1,K68-U160,22.43953,114.02226,銀田花園,Silver Field Garden,K68-1
K68,O,2,K68-U170,22.438801,114.02024,南元朗官立小學,South Yuen Long Government Primary School,K68-1
K68,O,3,K68-D010,22.44193,114.02007,元朗公園,Yuen Long Park,K68-1
K68,O,4,K68-D020,22.442503,114.017663,御豪山莊,Park Royale,K68-1
K68,O,5,K68-D030,22.440088,114.019048,藝典居,Villa Art Deco,K68-1
K68,O,6,K68-D040,22.440407,114.021312,御庭居,Springdale Villas,K68-1
K68,O,7,K68-D050,22.44149722,114.0221389,元朗游泳池,Yuen Long Swimming Pool,K68-1
K68,O,8,K68-D060,22.443644,114.022164,元朗大會堂,Yuen Long Town Hall,K68-1
K68,O,9,K68-D070,22.444676,114.023705,元朗廣場 ,Yuen Long Plaza ,K68-1
K68,O,10,K68-D080,22.446157,114.026583,元朗安寧路,Yuen Long On Ning Road,K68-1
K68,O,11,K68-D090,22.447538,114.026826,大橋村 ,Tai Kiu Tsuen ,K68-1
K68,O,12,K68-D100,22.449497,114.025532,惠州學校,Wai Chow School,K68-1
K68,O,13,K68-D110,22.451434,114.025324,朗屏邨珠屏樓,"Chu Ping House, Long Ping Estate",K68-1
K68,O,14,K68-D120,22.45078121,114.0229286,朗屏 ,Long Ping ,K68-1
K68,O,15,K68-D130,22.455166,114.02403,橫洲福慶村,Wang Chau Fuk Hing Tsuen,K68-1
K68,O,16,K68-D140,22.45789,114.023353,元朗紡織品,Yuen Long Textile Co Ltd,K68-1
K68,O,17,K68-D150,22.460236,114.022242,大昌行食品加工及物流中心,DCH Food Processing & Logistics Centre,K68-1
K68,O,18,K68-D160,22.462306,114.023412,有生鉛水(熱浸鋅),Yau Sang Galvanizers (Hot-Dip) Co Ltd,K68-1
K68,O,19,K68-D170,22.464968,114.024783,余仁生中心,Eu Yan Sang Centre,K68-1
K68,O,20,K68-D180,22.465479,114.026899,元朗污水處理廠,Yuen Long Sewage Treatment Works,K68-1
K68,O,21,K68-D190,22.463782,114.027638,雀巢,Nestle (HK) Ltd,K68-1
K68,O,22,K68-D200,22.461655,114.029313,牛尾香港,Ushio HK Ltd,K68-1
K68,O,23,K68-U011,22.460827,114.026513,元朗工業邨,Yuen Long Industrial Estate,K68-1
K68,O,1,K68-D070,22.444676,114.023705,元朗廣場 ,Yuen Long Plaza ,K68-2
K68,O,2,K68-D080,22.446157,114.026583,元朗安寧路,Yuen Long On Ning Road,K68-2
K68,O,3,K68-D090,22.447538,114.026826,大橋村 ,Tai Kiu Tsuen ,K68-2
K68,O,4,K68-D100,22.449497,114.025532,惠州學校,Wai Chow School,K68-2
K68,O,5,K68-D110,22.451434,114.025324,朗屏邨珠屏樓,"Chu Ping House, Long Ping Estate",K68-2
K68,O,6,K68-D120,22.45078121,114.0229286,朗屏 ,Long Ping ,K68-2
K68,O,7,K68-D130,22.455166,114.02403,橫洲福慶村,Wang Chau Fuk Hing Tsuen,K68-2
K68,O,8,K68-D140,22.45789,114.023353,元朗紡織品,Yuen Long Textile Co Ltd,K68-2
K68,O,9,K68-D150,22.460236,114.022242,大昌行食品加工及物流中心,DCH Food Processing & Logistics Centre,K68-2
K68,O,10,K68-D160,22.462306,114.023412,有生鉛水(熱浸鋅),Yau Sang Galvanizers (Hot-Dip) Co Ltd,K68-2
K68,O,11,K68-D170,22.464968,114.024783,余仁生中心,Eu Yan Sang Centre,K68-2
K68,O,12,K68-D180,22.465479,114.026899,元朗污水處理廠,Yuen Long Sewage Treatment Works,K68-2
K68,O,13,K68-D190,22.463782,114.027638,雀巢,Nestle (HK) Ltd,K68-2
K68,O,14,K68-D200,22.461655,114.029313,牛尾香港,Ushio HK Ltd,K68-2
K68,O,15,K68-U011,22.460827,114.026513,元朗工業邨,Yuen Long Industrial Estate,K68-2
K68,O,1,K68-D090,22.447538,114.026826,大橋村 ,Tai Kiu Tsuen ,K68-3
K68,O,2,K68-D100,22.449497,114.025532,惠州學校,Wai Chow School,K68-3
K68,O,3,K68-D110,22.451434,114.025324,朗屏邨珠屏樓,"Chu Ping House, Long Ping Estate",K68-3
K68,O,4,K68-D120,22.45078121,114.0229286,朗屏 ,Long Ping ,K68-3
K68,O,5,K68-D130,22.455166,114.02403,橫洲福慶村,Wang Chau Fuk Hing Tsuen,K68-3
K68,O,6,K68-D140,22.45789,114.023353,元朗紡織品,Yuen Long Textile Co Ltd,K68-3
K68,O,7,K68-D150,22.460236,114.022242,大昌行食品加工及物流中心,DCH Food Processing & Logistics Centre,K68-3
K68,O,8,K68-D160,22.462306,114.023412,有生鉛水(熱浸鋅),Yau Sang Galvanizers (Hot-Dip) Co Ltd,K68-3
K68,O,9,K68-D170,22.464968,114.024783,余仁生中心,Eu Yan Sang Centre,K68-3
K68,O,10,K68-D180,22.465479,114.026899,元朗污水處理廠,Yuen Long Sewage Treatment Works,K68-3
K68,O,11,K68-D190,22.463782,114.027638,雀巢,Nestle (HK) Ltd,K68-3
K68,O,12,K68-D200,22.461655,114.029313,牛尾香港,Ushio HK Ltd,K68-3
K68,O,13,K68-U011,22.460827,114.026513,元朗工業邨,Yuen Long Industrial Estate,K68-3
K68,O,1,K68-U010,22.460827,114.026513,元朗工業邨,Yuen Long Industrial Estate,K68-4
K68,O,2,K68-U020,22.462075,114.028979,凸版資訊卡,Toppan Forms Card Tech Ltd,K68-4
K68,O,3,K68-U030,22.463753,114.027581,雀巢,Nestle (HK) Ltd,K68-4
K68,O,4,K68-U040,22.465525,114.026843,元朗污水處理廠,Yuen Long Sewage Treatment Works,K68-4
K68,O,5,K68-U050,22.464754,114.024822,位元堂藥業大廈,Wai Yuen Tong Medicine Building,K68-4
K68,O,6,K68-U060,22.462219,114.023448,東電化電子零件,TDK Manufacturing (HK) Co Ltd,K68-4
K68,O,7,K68-U070,22.46039,114.022169,凸版印刷,Toppan Printing Co (HK) Ltd,K68-4
K68,O,8,K68-U080,22.45845,114.023157,匯泉國際實業,Telford International Industries Ltd,K68-4
K68,O,9,K68-U090,22.455119,114.024092,橫洲福慶村,Wang Chau Fuk Hing Tsuen,K68-4
K68,O,10,K68-U100,22.45078121,114.0229286,朗屏 ,Long Ping ,K68-4
K68,O,11,K68-U110,22.451379,114.025576,楊屋村,Yeung Uk Tsuen,K68-4
K68,O,12,K68-D090,22.447538,114.026826,大橋村 ,Tai Kiu Tsuen ,K68-4
K73,O,1,K73-U010,22.469006,113.999661,天恆,Tin Heng,K73
K73,O,2,K73-U020,22.468098,113.999163,天逸邨逸潭樓,"Yat Tam House, Tin Yat Estate",K73
K73,O,3,K73-U030,22.465511,114.00016,天逸邨逸洋樓,"Yat Yeung House, Tin Yat Estate",K73
K73,O,4,K73-U040,22.464482,114.003129,天晴邨晴碧樓,"Ching Pik House, Tin Ching Estate",K73
K73,O,5,K73-U050,22.463253,114.004136,香港青年協會李兆基書院,HKFYG Lee Shau Kee College,K73
K73,O,6,K73-U060,22.46082,114.004565,天葵路美湖居,"Maywood Court, Tin Kwai Road",K73
K73,O,7,K73-U070,22.457444,114.005577,天城路景湖居,"Kenswood Court, Tin Shing Road",K73
K73,O,8,K73-U080,22.453279,114.006118,天慈邨,Tin Tsz Estate,K73
K73,O,9,K73-U090,22.44845,114.018634,鳳池村,Fung Chi Tsuen,K73
K73,O,10,K73-U100,22.45078121,114.0229286,朗屏 (巴士總站),Long Ping (Bus Terminus),K73
K73,O,11,K73-U110,22.446002,114.022607,元朗盲人安老院,Yuen Long Home for the Aged Blind,K73
K73,O,12,K73-U120,22.445181,114.024919,元朗西 (輕鐵豐年路站),Yuen Long West (LR Fung Nin Road Stop),K73
K73,I,1,K73-D010,22.445181,114.024919,元朗西 (輕鐵豐年路站),Yuen Long West (LR Fung Nin Road Stop),K73
K73,I,2,K73-D020,22.446162,114.026731,元朗安寧路,Yuen Long On Ning Road,K73
K73,I,3,K73-D030,22.447489,114.026856,大橋村 (港鐵朗屏站),Tai Kiu Tsuen (MTR Long Ping Station),K73
K73,I,4,K73-D040,22.449497,114.02552,惠州學校,Wai Chow School,K73
K73,I,5,K73-D050,22.451408,114.025329,朗屏邨珠屏樓,"Chu Ping House, Long Ping Estate",K73
K73,I,7,K73-D070,22.45078121,114.0229286,朗屏 (巴士總站),Long Ping (Bus Terminus),K73
K73,I,8,K73-D080,22.448299,114.018562,鳳池村,Fung Chi Tsuen,K73
K73,I,9,K73-D090,22.453358,114.00589,輕鐵天慈站,LR Tin Tsz Stop,K73
K73,I,10,K73-D100,22.455038,114.007159,天水圍游泳池,Tin Shui Wai Swimming Pool,K73
K73,I,11,K73-D110,22.458987,114.005282,天龍路景湖居,"Kenswood Court, Tin Lung Road",K73
K73,I,12,K73-D120,22.460486,114.004634,天葵路麗湖居,"Lynwood Court, Tin Kwai Road",K73
K73,I,13,K73-D130,22.463375,114.00392,天晴邨晴雲樓,"Ching Wan House, Tin Ching Estate",K73
K73,I,14,K73-D140,22.465398,114.000072,天富苑能富閣,"Nang Fu House, Tin Fu Court",K73
K73,I,15,K73-D150,22.468127,113.999183,天澤邨,Tin Chak Estate,K73
K73,I,16,K73-D160,22.469006,113.999661,天恆,Tin Heng,K73
K73,O,1,K73-U025,22.462566,113.996295,天恩,Tin Yan,K73-1
K73,O,2,K73-U045,22.462045,113.999639,天悅邨,Tin Yuet Estate,K73-1
K73,O,3,K73-U060,22.46082,114.004565,天葵路美湖居,"Maywood Court, Tin Kwai Road",K73-1
K73,O,4,K73-U070,22.457444,114.005577,天城路景湖居,"Kenswood Court, Tin Shing Road",K73-1
K73,O,5,K73-U080,22.453279,114.006118,天慈邨,Tin Tsz Estate,K73-1
K73,O,6,K73-U090,22.44845,114.018634,鳳池村,Fung Chi Tsuen,K73-1
K73,O,7,K73-U100,22.45078121,114.0229286,朗屏 ,Long Ping ,K73-1
K73,O,8,K73-U110,22.446002,114.022607,元朗盲人安老院,Yuen Long Home for the Aged Blind,K73-1
K73,O,9,K73-U120,22.445181,114.024919,元朗西 ,Yuen Long West ,K73-1
K73,O,1,K73-U050,22.463253,114.004136,香港青年協會李兆基書院,HKFYG Lee Shau Kee College,K73-2
K73,O,2,K73-U060,22.46082,114.004565,天葵路美湖居,"Maywood Court, Tin Kwai Road",K73-2
K73,O,3,K73-U070,22.457444,114.005577,天城路景湖居,"Kenswood Court, Tin Shing Road",K73-2
K73,O,4,K73-U080,22.453279,114.006118,天慈邨,Tin Tsz Estate,K73-2
K73,O,5,K73-U090,22.44845,114.018634,鳳池村,Fung Chi Tsuen,K73-2
K73,O,6,K73-U100,22.45078121,114.0229286,朗屏 ,Long Ping ,K73-2
K73,O,7,K73-U110,22.446002,114.022607,元朗盲人安老院,Yuen Long Home for the Aged Blind,K73-2
K73,O,8,K73-U120,22.445181,114.024919,元朗西 ,Yuen Long West ,K73-2
K74,O,1,K74-U001,22.458553,114.001415,天水圍市中心,Tin Shui Wai Town Centre,K74
K74,O,2,K74-U004,22.461849,114.000382,天頌苑頌棋閣,Chung Ki House Tin Chung Court,K74
K74,O,3,K74-U007,22.460735,113.997158,天頌苑,Tin Chung Court,K74
K74,O,4,K74-U010,22.455322,113.998689,天瑞,Tin Shui,K74
K74,O,5,K74-U020,22.454452,114.003146,天水圍公園,Tin Shui Wai Park,K74
K74,O,6,K74-U030,22.453288,114.006135,天慈邨,Tin Tsz Estate,K74
K74,O,7,K74-U040,22.448467,114.018601,鳳池村,Fung Chi Tsuen,K74
K74,O,8,K74-U050,22.450549,114.022688,朗屏 (巴士總站),Long Ping (Bus Terminus),K74
K74,O,9,K74-U060,22.445968,114.022572,元朗盲人安老院,Yuen Long Home for the Aged Blind,K74
K74,O,10,K74-U070,22.44467,114.023718,元朗廣場 (輕鐵豐年路站),Yuen Long Plaza (LR Fung Nin Road Stop),K74
K74,O,11,K74-U080,22.4444,114.02836,開心廣場,Yuen Long Landmark,K74
K74,O,12,K74-U090,22.446625,114.0349444,港鐵元朗站(朗日路)  (港鐵元朗站),MTR Yuen Long Station (Long Yat Road) (MTR Yuen Long Station),K74
K74,O,13,K74-U100,22.444787,114.040379,博愛醫院,Pok Oi Hospital,K74
K74,O,14,K74-D010,22.44436944,114.0436667,東成里,Tung Shing Lei,K74
K74,O,15,K74-D020,22.44403889,114.0439444,東華三院馬振玉中學(近朗善邨),TWGHs C.Y.Ma Memorial College (near Long Shin Estate),K74
K74,O,16,K74-D030,22.447487,114.026853,大橋村 (港鐵朗屏站),Tai Kiu Tsuen (MTR Long Ping Station),K74
K74,O,17,K74-D040,22.449502,114.025527,惠州學校,Wai Chow School,K74
K74,O,18,K74-D050,22.451421,114.025317,朗屏邨珠屏樓,"Chu Ping House, Long Ping Estate",K74
K74,O,19,K74-D060,22.450549,114.022688,朗屏 (巴士總站),Long Ping (Bus Terminus),K74
K74,O,20,K74-D070,22.448256,114.018583,鳳池村,Fung Chi Tsuen,K74
K74,O,21,K74-D080,22.45321,114.005918,輕鐵天慈站,LR Tin Tsz Stop,K74
K74,O,22,K74-D090,22.454616,114.002637,天水圍公園,Tin Shui Wai Park,K74
K74,O,23,K74-U011,22.45677,113.999096,天瑞,Tin Shui,K74
K74,O,24,K74-D100,22.460285,113.997021,天華邨,Tin Wah Estate,K74
K74,O,25,K74-D110,22.462045,113.999639,天悅邨,Tin Yuet Estate,K74
K74,O,26,K74-U002,22.458332,114.001471,天水圍市中心,Tin Shui Wai Town Centre,K74
K75A,O,1,K75A-U010,22.44654,114.0037516,天水圍站 (輕鐵天水圍站),Tin Shui Wai Station (LR Tin Shui Wai Stop),K75A
K75A,O,2,K75A-U020,22.446839,114.00307,天盛苑 (港鐵天水圍站),Tin Shing Court (MTR Tin Shui Wai Station),K75A
K75A,O,3,K75A-U030,22.440307,113.998965,石埗村,Shek Po Tsuen,K75A
K75A,O,4,K75A-D010,22.433489,113.99772,輕鐵洪水橋站,LR Hung Shui Kiu Stop,K75A
K75A,O,5,K75A-D020,22.432897,113.992837,鄉事委員會,Rural Committee,K75A
K75A,O,6,K75A-D030,22.434526,113.992613,田心,Tin Sam,K75A
K75A,O,7,K75A-D040,22.436504,113.991851,新李屋村,San Lee Uk Tsuen,K75A
K75A,O,8,K75A-D050,22.439615,113.991583,新生村,San Sang Tsuen,K75A
K75A,O,9,K75A-D060,22.443545,113.991309,李屋村,Lee Uk Tsuen,K75A
K75A,O,10,K75A-D070,22.445107,113.992349,新屋村,San Uk Tsuen,K75A
K75A,O,11,K75A-D080,22.446257,113.993342,廈村市,Ha Tsuen Shi,K75A
K75A,O,12,K75A-D090,22.44670803,113.994761,廈村,Ha Tsuen ,K75A
K75A,O,13,K75A-D100,22.44663703,113.997152,沙洲里村,Sha Chau Lei Tsuen,K75A
K75A,O,14,K75A-D110,22.446928,114.002891,天盛苑 (港鐵天水圍站),Tin Shing Court (MTR Tin Shui Wai Station),K75A
K75A,O,15,K75A-U011,22.44654,114.0037516,天水圍站 (輕鐵天水圍站),Tin Shui Wai Station (LR Tin Shui Wai Stop),K75A
K75P,O,1,K75P-U010,22.455356,113.998975,天瑞,Tin Shui,K75P
K75P,O,2,K75P-U020,22.454494,114.003128,天水圍公園,Tin Shui Wai Park,K75P
K75P,O,3,K75P-U030,22.452347,114.002244,天耀邨耀盛樓,"Yiu Shing House, Tin Yiu Estate",K75P
K75P,O,4,K75P-U040,22.450039,114.002836,輕鐵天耀站,LR Tin Yiu Stop,K75P
K75P,O,5,K75P-U050,22.446917,114.003097,天盛苑 (港鐵天水圍站),Tin Shing Court (MTR Tin Shui Wai Station),K75P
K75P,O,6,K75P-U060,22.446711,113.998247,石埗路,Shek Po Road,K75P
K75P,O,7,K75P-U070,22.446108,113.995617,沙洲里村,Sha Chau Lei Tsuen,K75P
K75P,O,8,K75P-U080,22.446186,113.993353,廈村市,Ha Tsuen Shi,K75P
K75P,O,9,K75P-U090,22.445111,113.992378,新屋村,San Uk Tsuen,K75P
K75P,O,10,K75P-U100,22.443717,113.991383,李屋村,Lee Uk Tsuen,K75P
K75P,O,11,K75P-U110,22.440183,113.991708,新生村,San Sang Tsuen,K75P
K75P,O,12,K75P-U120,22.436125,113.992242,新李屋村,San Lee Uk Tsuen,K75P
K75P,O,13,K75P-U130,22.433431,113.992694,田心,Tin Sam,K75P
K75P,O,14,K75P-U140,22.431597,113.992822,鄉事委員會,Rural Committee,K75P
K75P,O,15,K75P-D010,22.433889,113.997633,輕鐵洪水橋站,LR Hung Shui Kiu Stop,K75P
K75P,O,16,K75P-D020,22.436081,113.99985,洪水橋巴士廠,Hung Shui Kiu Bus Depot,K75P
K75P,O,17,K75P-D030,22.437436,113.999028,洪福邨,Hung Fuk Estate,K75P
K75P,O,18,K75P-D040,22.440381,113.998406,石埗村,Shek Po Tsuen,K75P
K75P,O,19,K75P-D050,22.446897,114.002789,天盛苑 (港鐵天水圍站),Tin Shing Court (MTR Tin Shui Wai Station),K75P
K75P,O,20,K75P-D060,22.449461,114.002956,天水圍警署,Tin Shui Wai Police Station,K75P
K75P,O,21,K75P-D070,22.452539,114.002228,賞湖居,Sherwood Court,K75P
K75P,O,22,K75P-D080,22.454522,114.002736,天水圍公園,Tin Shui Wai Park,K75P
K75P,O,23,K75P-U011,22.455356,113.998975,天瑞,Tin Shui,K75P
K75P,O,1,K75P-D020,22.436081,113.99985,洪水橋巴士廠,Hung Shui Kiu Bus Depot,K75P1
K75P,O,2,K75P-D030,22.437436,113.999028,洪福邨,Hung Fuk Estate,K75P1
K75P,O,3,K75P-D040,22.440381,113.998406,石埗村,Shek Po Tsuen,K75P1
K75P,O,4,K75P-D050,22.446897,114.002789,天盛苑 ,Tin Shing Court ,K75P1
K75P,O,5,K75P-D060,22.449461,114.002956,天水圍警署,Tin Shui Wai Police Station,K75P1
K75P,O,6,K75P-D070,22.452539,114.002228,賞湖居,Sherwood Court,K75P1
K75P,O,7,K75P-D080,22.454522,114.002736,天水圍公園,Tin Shui Wai Park,K75P1
K75P,O,8,K75P-U011,22.455356,113.998975,天瑞,Tin Shui,K75P1
K75S,O,1,K75S-U040,22.436081,113.99985,洪水橋巴士廠,Hung Shui Kiu Bus Depot,K75S1
K75S,O,2,K75S-D010,22.437436,113.999028,洪福邨,Hung Fuk Estate,K75S1
K75S,O,3,K75S-D020,22.440381,113.998406,石埗村,Shek Po Tsuen,K75S1
K75S,O,4,K75S-D030,22.446897,114.002789,天盛苑 ,Tin Shing Court ,K75S1
K75S,O,5,K75S-U011,22.44654,114.0037516,天水圍站 ,Tin Shui Wai Station ,K75S1
K75S,O,1,K75S-U010,22.44654,114.0037516,天水圍站 ,Tin Shui Wai Station ,K75S
K75S,O,2,K75S-U020,22.446839,114.00307,天盛苑 ,Tin Shing Court ,K75S
K75S,O,3,K75S-U030,22.440307,113.998965,石埗村,Shek Po Tsuen,K75S
K75S,O,4,K75S-U040,22.436081,113.99985,洪水橋巴士廠,Hung Shui Kiu Bus Depot,K75S
K75S,O,5,K75S-D010,22.437436,113.999028,洪福邨,Hung Fuk Estate,K75S
K75S,O,6,K75S-D020,22.440381,113.998406,石埗村,Shek Po Tsuen,K75S
K75S,O,7,K75S-D030,22.446897,114.002789,天盛苑 ,Tin Shing Court ,K75S
K75S,O,8,K75S-U011,22.44654,114.0037516,天水圍站 ,Tin Shui Wai Station ,K75S
K76,O,1,K76-U010,22.469006,113.999661,天恆,Tin Heng,K76
K76,O,2,K76-U020,22.468178,113.999383,天逸邨逸潭樓,"Yat Tam House, Tin Yat Estate",K76
K76,O,3,K76-U030,22.464353,113.997442,天富苑欣富閣,"Yan Fu House, Tin Fu Court",K76
K76,O,4,K76-U040,22.446864,114.002819,天盛苑 (港鐵天水圍站),Tin Shing Court (MTR Tin Shui Wai Station),K76
K76,O,5,K76-U050,22.446556,114.003731,天水圍站 (港鐵天水圍站),Tin Shui Wai Station (MTR Tin Shui Wai Station),K76
K76,I,1,K76-D010,22.446556,114.003731,天水圍站 (港鐵天水圍站),Tin Shui Wai Station (MTR Tin Shui Wai Station),K76
K76,I,2,K76-D020,22.464592,113.99725,天恩邨,Tin Yan Estate,K76
K76,I,3,K76-D030,22.468061,113.999058,天澤邨,Tin Chak Estate,K76
K76,I,4,K76-D040,22.469006,113.999661,天恆,Tin Heng,K76
K76S,O,1,K76S-U010,22.465762,114.006304,濕地公園路(近天葵路),Wetland Park Road (near Tin Kwai Road),K76S
K76S,O,2,K76S-U015,22.469204,114.002755,輕鐵濕地公園站,LR Wetland Park Stop,K76S
K76S,O,3,K76S-U020,22.468178,113.999383,天逸邨逸潭樓,"Yat Tam House, Tin Yat Estate",K76S
K76S,O,4,K76S-U030,22.464353,113.997442,天富苑欣富閣,"Yan Fu House, Tin Fu Court",K76S
K76S,O,5,K76S-U040,22.446864,114.002819,天盛苑,Tin Shing Court,K76S
K76S,I,1,K76S-D010,22.446556,114.003731,天水圍站 ,Tin Shui Wai Station ,K76S
K76S,I,2,K76S-D020,22.464592,113.99725,天恩邨,Tin Yan Estate,K76S
K76S,I,3,K76S-D030,22.468061,113.999058,天澤邨,Tin Chak Estate,K76S
K76S,I,4,K76S-D040,22.469919,114.002782,輕鐵濕地公園站,LR Wetland Park Stop,K76S
K76S,I,5,K76S-D050,22.466018,114.006408,濕地公園路(近天葵路),Wetland Park Road (near Tin Kwai Road),K76S
